"lumped_element_capacitance [pF]","Freq [GHz]","RadiationEfficiency []"
0.065,9.5,0.855916831877907
0.065,9.51020408163265,0.857922666619964
0.065,9.52040816326531,0.859901665514199
0.065,9.53061224489796,0.86185410886127
0.065,9.54081632653061,0.863780278509753
0.065,9.55102040816326,0.865680438074846
0.065,9.56122448979592,0.867554848244566
0.065,9.57142857142857,0.869403764777908
0.065,9.58163265306122,0.871227433549107
0.065,9.59183673469388,0.87302608957349
0.065,9.60204081632653,0.874799973975868
0.065,9.61224489795918,0.87654930799715
0.065,9.62244897959184,0.878274317148523
0.065,9.63265306122449,0.879975217616919
0.065,9.64285714285714,0.881652220194355
0.065,9.65306122448979,0.883305533396419
0.065,9.66326530612245,0.884935359477186
0.065,9.6734693877551,0.88654189578248
0.065,9.68367346938775,0.888125336452134
0.065,9.69387755102041,0.889685875654425
0.065,9.70408163265306,0.891223694782352
0.065,9.71428571428572,0.892738982365893
0.065,9.72448979591837,0.894231915577733
0.065,9.73469387755102,0.895702668684291
0.065,9.74489795918367,0.897151418933341
0.065,9.75510204081633,0.898578336391965
0.065,9.76530612244898,0.899983594297705
0.065,9.77551020408163,0.901367350570548
0.065,9.78571428571428,0.902729770173597
0.065,9.79591836734694,0.904071015739598
0.065,9.80612244897959,0.905391243872371
0.065,9.81632653061225,0.906690613533405
0.065,9.8265306122449,0.90796927817053
0.065,9.83673469387755,0.909227391278995
0.065,9.84693877551021,0.910465102536343
0.065,9.85714285714286,0.911682559815965
0.065,9.86734693877551,0.912879912770825
0.065,9.87755102040816,0.91405730234224
0.065,9.88775510204082,0.915214876223224
0.065,9.89795918367347,0.916352774136304
0.065,9.90816326530612,0.91747113996532
0.065,9.91836734693878,0.918570111559243
0.065,9.92857142857143,0.919649827504359
0.065,9.93877551020408,0.9207104253709
0.065,9.94897959183674,0.921752040352302
0.065,9.95918367346939,0.922774802364199
0.065,9.96938775510204,0.92377885062034
0.065,9.97959183673469,0.924764318199152
0.065,9.98979591836735,0.925731330399623
0.065,10,0.926680020475938
0.0722916666666667,9.5,0.867018557041526
0.0722916666666667,9.51020408163265,0.868830699891687
0.0722916666666667,9.52040816326531,0.870617143291254
0.0722916666666667,9.53061224489796,0.872378133577908
0.0722916666666667,9.54081632653061,0.874113908519584
0.0722916666666667,9.55102040816326,0.875824698752933
0.0722916666666667,9.56122448979592,0.877510727193471
0.0722916666666667,9.57142857142857,0.87917220551465
0.0722916666666667,9.58163265306122,0.880809360379943
0.0722916666666667,9.59183673469388,0.882422392478701
0.0722916666666667,9.60204081632653,0.884011507858903
0.0722916666666667,9.61224489795918,0.885576904620585
0.0722916666666667,9.62244897959184,0.887118777618241
0.0722916666666667,9.63265306122449,0.88863731929146
0.0722916666666667,9.64285714285714,0.890132716353657
0.0722916666666667,9.65306122448979,0.891605152037229
0.0722916666666667,9.66326530612245,0.89305481230371
0.0722916666666667,9.6734693877551,0.894481867590979
0.0722916666666667,9.68367346938775,0.895886495628408
0.0722916666666667,9.69387755102041,0.897268864583097
0.0722916666666667,9.70408163265306,0.898629146344619
0.0722916666666667,9.71428571428572,0.899967504504978
0.0722916666666667,9.72448979591837,0.901284106784056
0.0722916666666667,9.73469387755102,0.902579109902277
0.0722916666666667,9.74489795918367,0.903852675062306
0.0722916666666667,9.75510204081633,0.905104961171247
0.0722916666666667,9.76530612244898,0.906336116957466
0.0722916666666667,9.77551020408163,0.907546299591718
0.0722916666666667,9.78571428571428,0.908735660387135
0.0722916666666667,9.79591836734694,0.909904346485839
0.0722916666666667,9.80612244897959,0.911052509471153
0.0722916666666667,9.81632653061225,0.9121802880249
0.0722916666666667,9.8265306122449,0.913287835235322
0.0722916666666667,9.83673469387755,0.914375284893625
0.0722916666666667,9.84693877551021,0.915442788041319
0.0722916666666667,9.85714285714286,0.916490480493605
0.0722916666666667,9.86734693877551,0.917518501424182
0.0722916666666667,9.87755102040816,0.918526988588328
0.0722916666666667,9.88775510204082,0.919516077839049
0.0722916666666667,9.89795918367347,0.920485905692051
0.0722916666666667,9.90816326530612,0.921436605707344
0.0722916666666667,9.91836734693878,0.922368310600744
0.0722916666666667,9.92857142857143,0.923281156883315
0.0722916666666667,9.93877551020408,0.9241752716888
0.0722916666666667,9.94897959183674,0.925050782311993
0.0722916666666667,9.95918367346939,0.925907825042658
0.0722916666666667,9.96938775510204,0.926746522998326
0.0722916666666667,9.97959183673469,0.927567006944362
0.0722916666666667,9.98979591836735,0.928369403156881
0.0722916666666667,10,0.929153836851075
0.0795833333333333,9.5,0.87708093037869
0.0795833333333333,9.51020408163265,0.878692809022607
0.0795833333333333,9.52040816326531,0.880280026844136
0.0795833333333333,9.53061224489796,0.881842794108357
0.0795833333333333,9.54081632653061,0.883381317634932
0.0795833333333333,9.55102040816326,0.884895804882426
0.0795833333333333,9.56122448979592,0.886386456361068
0.0795833333333333,9.57142857142857,0.887853463939044
0.0795833333333333,9.58163265306122,0.889297018127903
0.0795833333333333,9.59183673469388,0.890717307148221
0.0795833333333333,9.60204081632653,0.892114513533849
0.0795833333333333,9.61224489795918,0.893488818001119
0.0795833333333333,9.62244897959184,0.894840395355175
0.0795833333333333,9.63265306122449,0.896169420935328
0.0795833333333333,9.64285714285714,0.897476064891635
0.0795833333333333,9.65306122448979,0.898760497735829
0.0795833333333333,9.66326530612245,0.900022879310534
0.0795833333333333,9.6734693877551,0.901263374093823
0.0795833333333333,9.68367346938775,0.902482144870418
0.0795833333333333,9.69387755102041,0.903679349134631
0.0795833333333333,9.70408163265306,0.904855145050101
0.0795833333333333,9.71428571428572,0.906009681253128
0.0795833333333333,9.72448979591837,0.907143115775419
0.0795833333333333,9.73469387755102,0.908255595874575
0.0795833333333333,9.74489795918367,0.909347270276277
0.0795833333333333,9.75510204081633,0.910418291572469
0.0795833333333333,9.76530612244898,0.911468797578468
0.0795833333333333,9.77551020408163,0.912498938105491
0.0795833333333333,9.78571428571428,0.913508852676809
0.0795833333333333,9.79591836734694,0.914498686219575
0.0795833333333333,9.80612244897959,0.9154685764316
0.0795833333333333,9.81632653061225,0.916418659251231
0.0795833333333333,9.8265306122449,0.917349077031264
0.0795833333333333,9.83673469387755,0.918259967494335
0.0795833333333333,9.84693877551021,0.919151460495457
0.0795833333333333,9.85714285714286,0.920023693472326
0.0795833333333333,9.86734693877551,0.920876803140372
0.0795833333333333,9.87755102040816,0.921710914668845
0.0795833333333333,9.88775510204082,0.922526165894585
0.0795833333333333,9.89795918367347,0.923322685377597
0.0795833333333333,9.90816326530612,0.924100601680807
0.0795833333333333,9.91836734693878,0.924860047612018
0.0795833333333333,9.92857142857143,0.92560114543344
0.0795833333333333,9.93877551020408,0.926324024799655
0.0795833333333333,9.94897959183674,0.927028812052552
0.0795833333333333,9.95918367346939,0.927715639090035
0.0795833333333333,9.96938775510204,0.928384617310251
0.0795833333333333,9.97959183673469,0.929035882191535
0.0795833333333333,9.98979591836735,0.929669553574748
0.0795833333333333,10,0.930285751706253
0.086875,9.5,0.884372841302014
0.086875,9.51020408163265,0.885807112949993
0.086875,9.52040816326531,0.8872173124803
0.086875,9.53061224489796,0.888603627991872
0.086875,9.54081632653061,0.889966248848196
0.086875,9.55102040816326,0.891305357531421
0.086875,9.56122448979592,0.892621134309005
0.086875,9.57142857142857,0.893913759076846
0.086875,9.58163265306122,0.89518340323686
0.086875,9.59183673469388,0.896430238037136
0.086875,9.60204081632653,0.897654431612024
0.086875,9.61224489795918,0.898856151418421
0.086875,9.62244897959184,0.900035563293568
0.086875,9.63265306122449,0.901192824948817
0.086875,9.64285714285714,0.902328096048938
0.086875,9.65306122448979,0.903441532240505
0.086875,9.66326530612245,0.904533290015707
0.086875,9.6734693877551,0.905603525974142
0.086875,9.68367346938775,0.90665238540402
0.086875,9.69387755102041,0.907680023677201
0.086875,9.70408163265306,0.908686583955294
0.086875,9.71428571428572,0.909672220237565
0.086875,9.72448979591837,0.910637070819637
0.086875,9.73469387755102,0.911581281177322
0.086875,9.74489795918367,0.912504996967173
0.086875,9.75510204081633,0.91340835758088
0.086875,9.76530612244898,0.914291504805768
0.086875,9.77551020408163,0.915154577980175
0.086875,9.78571428571428,0.915997713614558
0.086875,9.79591836734694,0.91682105089402
0.086875,9.80612244897959,0.91762472216315
0.086875,9.81632653061225,0.918408871934847
0.086875,9.8265306122449,0.919173625593132
0.086875,9.83673469387755,0.919919116124629
0.086875,9.84693877551021,0.920645483382173
0.086875,9.85714285714286,0.921352856673813
0.086875,9.86734693877551,0.922041365011718
0.086875,9.87755102040816,0.922711140668245
0.086875,9.88775510204082,0.923362309421793
0.086875,9.89795918367347,0.923995003754406
0.086875,9.90816326530612,0.924609353484884
0.086875,9.91836734693878,0.925205479709442
0.086875,9.92857142857143,0.925783514179675
0.086875,9.93877551020408,0.926343584345796
0.086875,9.94897959183674,0.926885808653794
0.086875,9.95918367346939,0.927410316285931
0.086875,9.96938775510204,0.927917235341808
0.086875,9.97959183673469,0.928406679889685
0.086875,9.98979591836735,0.928878777705287
0.086875,10,0.929333649394664
0.0941666666666667,9.5,0.891312195868899
0.0941666666666667,9.51020408163265,0.892551438679529
0.0941666666666667,9.52040816326531,0.893767723999192
0.0941666666666667,9.53061224489796,0.894961205544388
0.0941666666666667,9.54081632653061,0.896132041503377
0.0941666666666667,9.55102040816326,0.897280383669676
0.0941666666666667,9.56122448979592,0.898406386728695
0.0941666666666667,9.57142857142857,0.899510195167633
0.0941666666666667,9.58163265306122,0.900591957801598
0.0941666666666667,9.59183673469388,0.901651823617369
0.0941666666666667,9.60204081632653,0.902689937885991
0.0941666666666667,9.61224489795918,0.903706440890791
0.0941666666666667,9.62244897959184,0.904701476343403
0.0941666666666667,9.63265306122449,0.905675184657069
0.0941666666666667,9.64285714285714,0.906627706149479
0.0941666666666667,9.65306122448979,0.907559179417629
0.0941666666666667,9.66326530612245,0.908469738484611
0.0941666666666667,9.6734693877551,0.909359526069535
0.0941666666666667,9.68367346938775,0.910228672751513
0.0941666666666667,9.69387755102041,0.911077317113464
0.0941666666666667,9.70408163265306,0.911905591366565
0.0941666666666667,9.71428571428572,0.912713628112168
0.0941666666666667,9.72448979591837,0.913501559692721
0.0941666666666667,9.73469387755102,0.914269520425656
0.0941666666666667,9.74489795918367,0.915017635523637
0.0941666666666667,9.75510204081633,0.91574604345934
0.0941666666666667,9.76530612244898,0.916454866082821
0.0941666666666667,9.77551020408163,0.917144237503687
0.0941666666666667,9.78571428571428,0.917814286933483
0.0941666666666667,9.79591836734694,0.918465135935327
0.0941666666666667,9.80612244897959,0.919096918450419
0.0941666666666667,9.81632653061225,0.919709758761785
0.0941666666666667,9.8265306122449,0.920303784092922
0.0941666666666667,9.83673469387755,0.920879118129265
0.0941666666666667,9.84693877551021,0.921435889279046
0.0941666666666667,9.85714285714286,0.921974220558217
0.0941666666666667,9.86734693877551,0.922494236755878
0.0941666666666667,9.87755102040816,0.922996062319348
0.0941666666666667,9.88775510204082,0.92347982067647
0.0941666666666667,9.89795918367347,0.92394563340542
0.0941666666666667,9.90816326530612,0.924393622914417
0.0941666666666667,9.91836734693878,0.924823913603095
0.0941666666666667,9.92857142857143,0.925236621574259
0.0941666666666667,9.93877551020408,0.925631875171207
0.0941666666666667,9.94897959183674,0.926009788998936
0.0941666666666667,9.95918367346939,0.926370487680922
0.0941666666666667,9.96938775510204,0.926714087965116
0.0941666666666667,9.97959183673469,0.927040708445447
0.0941666666666667,9.98979591836735,0.927350469271231
0.0941666666666667,10,0.927643487969109
0.101458333333333,9.5,0.89460133182092
0.101458333333333,9.51020408163265,0.895662913547976
0.101458333333333,9.52040816326531,0.896702081638894
0.101458333333333,9.53061224489796,0.897718976090346
0.101458333333333,9.54081632653061,0.898713742478123
0.101458333333333,9.55102040816326,0.899686524169274
0.101458333333333,9.56122448979592,0.900637454028619
0.101458333333333,9.57142857142857,0.901566679579971
0.101458333333333,9.58163265306122,0.902474334304742
0.101458333333333,9.59183673469388,0.90336055392777
0.101458333333333,9.60204081632653,0.904225478797694
0.101458333333333,9.61224489795918,0.905069243204333
0.101458333333333,9.62244897959184,0.90589198110065
0.101458333333333,9.63265306122449,0.906693822058169
0.101458333333333,9.64285714285714,0.907474906842303
0.101458333333333,9.65306122448979,0.908235362135939
0.101458333333333,9.66326530612245,0.908975325862107
0.101458333333333,9.6734693877551,0.909694921735008
0.101458333333333,9.68367346938775,0.910394288412109
0.101458333333333,9.69387755102041,0.911073549575081
0.101458333333333,9.70408163265306,0.911732840081868
0.101458333333333,9.71428571428572,0.9123722861473
0.101458333333333,9.72448979591837,0.912992017837868
0.101458333333333,9.73469387755102,0.913592163332361
0.101458333333333,9.74489795918367,0.914172850110939
0.101458333333333,9.75510204081633,0.914734205080796
0.101458333333333,9.76530612244898,0.915276361456461
0.101458333333333,9.77551020408163,0.915799440955028
0.101458333333333,9.78571428571428,0.916303569755769
0.101458333333333,9.79591836734694,0.916788872335985
0.101458333333333,9.80612244897959,0.917255482164773
0.101458333333333,9.81632653061225,0.917703512259831
0.101458333333333,9.8265306122449,0.918133101095658
0.101458333333333,9.83673469387755,0.918544366355898
0.101458333333333,9.84693877551021,0.918937429941865
0.101458333333333,9.85714285714286,0.919312417053036
0.101458333333333,9.86734693877551,0.919669455236429
0.101458333333333,9.87755102040816,0.920008665073167
0.101458333333333,9.88775510204082,0.920330166650578
0.101458333333333,9.89795918367347,0.920634085781587
0.101458333333333,9.90816326530612,0.920920544803978
0.101458333333333,9.91836734693878,0.921189662253466
0.101458333333333,9.92857142857143,0.921441561562133
0.101458333333333,9.93877551020408,0.921676360314181
0.101458333333333,9.94897959183674,0.921894180919992
0.101458333333333,9.95918367346939,0.922095145182736
0.101458333333333,9.96938775510204,0.92227936379334
0.101458333333333,9.97959183673469,0.922446966173699
0.101458333333333,9.98979591836735,0.922598064575265
0.101458333333333,10,0.922732777681132
0.10875,9.5,0.897673601135155
0.10875,9.51020408163265,0.898555558808678
0.10875,9.52040816326531,0.899415747627912
0.10875,9.53061224489796,0.900254295308059
0.10875,9.54081632653061,0.901071327288761
0.10875,9.55102040816326,0.901866966239934
0.10875,9.56122448979592,0.902641335327533
0.10875,9.57142857142857,0.903394560604728
0.10875,9.58163265306122,0.904126767027681
0.10875,9.59183673469388,0.904838072050903
0.10875,9.60204081632653,0.905528604819901
0.10875,9.61224489795918,0.906198485595234
0.10875,9.62244897959184,0.906847840150536
0.10875,9.63265306122449,0.907476786093373
0.10875,9.64285714285714,0.908085454478071
0.10875,9.65306122448979,0.908673964550196
0.10875,9.66326530612245,0.909242437601061
0.10875,9.6734693877551,0.909791000459092
0.10875,9.68367346938775,0.910319773475317
0.10875,9.69387755102041,0.910828879389683
0.10875,9.70408163265306,0.911318447013444
0.10875,9.71428571428572,0.911788589701539
0.10875,9.72448979591837,0.912239441153786
0.10875,9.73469387755102,0.912671115109394
0.10875,9.74489795918367,0.913083735405423
0.10875,9.75510204081633,0.913477430737937
0.10875,9.76530612244898,0.913852322656744
0.10875,9.77551020408163,0.914208527769974
0.10875,9.78571428571428,0.914546169557277
0.10875,9.79591836734694,0.914865380469518
0.10875,9.80612244897959,0.915166269589239
0.10875,9.81632653061225,0.915448967957438
0.10875,9.8265306122449,0.915713591360528
0.10875,9.83673469387755,0.915960265980304
0.10875,9.84693877551021,0.916189110650005
0.10875,9.85714285714286,0.916400249421121
0.10875,9.86734693877551,0.916593801501564
0.10875,9.87755102040816,0.916769886235458
0.10875,9.88775510204082,0.916928627585648
0.10875,9.89795918367347,0.917070143260863
0.10875,9.90816326530612,0.917194556452623
0.10875,9.91836734693878,0.917301980932977
0.10875,9.92857142857143,0.91739254461442
0.10875,9.93877551020408,0.917466359857728
0.10875,9.94897959183674,0.917523548241056
0.10875,9.95918367346939,0.917564227430936
0.10875,9.96938775510204,0.917588514774851
0.10875,9.97959183673469,0.917596531417504
0.10875,9.98979591836735,0.917588388894275
0.10875,10,0.917564207782339
0.116041666666667,9.5,0.895149229682397
0.116041666666667,9.51020408163265,0.895865732242721
0.116041666666667,9.52040816326531,0.896560790397304
0.116041666666667,9.53061224489796,0.897234526782111
0.116041666666667,9.54081632653061,0.897887068737339
0.116041666666667,9.55102040816326,0.898518533991692
0.116041666666667,9.56122448979592,0.899129044820859
0.116041666666667,9.57142857142857,0.899718721720241
0.116041666666667,9.58163265306122,0.900287688412217
0.116041666666667,9.59183673469388,0.900836065906757
0.116041666666667,9.60204081632653,0.901363982369589
0.116041666666667,9.61224489795918,0.901871550002723
0.116041666666667,9.62244897959184,0.902358899971283
0.116041666666667,9.63265306122449,0.902826150466827
0.116041666666667,9.64285714285714,0.903273432476115
0.116041666666667,9.65306122448979,0.903700858531529
0.116041666666667,9.66326530612245,0.904108562084584
0.116041666666667,9.6734693877551,0.904496659985529
0.116041666666667,9.68367346938775,0.904865277394215
0.116041666666667,9.69387755102041,0.905214537224603
0.116041666666667,9.70408163265306,0.905544564247703
0.116041666666667,9.71428571428572,0.905855487453379
0.116041666666667,9.72448979591837,0.906147421799796
0.116041666666667,9.73469387755102,0.906420500824177
0.116041666666667,9.74489795918367,0.906674836067276
0.116041666666667,9.75510204081633,0.906910564152412
0.116041666666667,9.76530612244898,0.907127802066167
0.116041666666667,9.77551020408163,0.907326674801295
0.116041666666667,9.78571428571428,0.90750731069388
0.116041666666667,9.79591836734694,0.907669824744801
0.116041666666667,9.80612244897959,0.907814347146131
0.116041666666667,9.81632653061225,0.907940997836107
0.116041666666667,9.8265306122449,0.908049904113086
0.116041666666667,9.83673469387755,0.908141186091458
0.116041666666667,9.84693877551021,0.908214967910333
0.116041666666667,9.85714285714286,0.908271372477667
0.116041666666667,9.86734693877551,0.90831051906645
0.116041666666667,9.87755102040816,0.908332536706652
0.116041666666667,9.88775510204082,0.908337541326171
0.116041666666667,9.89795918367347,0.908325659324424
0.116041666666667,9.90816326530612,0.90829700764331
0.116041666666667,9.91836734693878,0.908251710321339
0.116041666666667,9.92857142857143,0.908189886893086
0.116041666666667,9.93877551020408,0.908111657479931
0.116041666666667,9.94897959183674,0.908017143823574
0.116041666666667,9.95918367346939,0.907906461951362
0.116041666666667,9.96938775510204,0.907779735377253
0.116041666666667,9.97959183673469,0.907637080287095
0.116041666666667,9.98979591836735,0.907478613119947
0.116041666666667,10,0.907304454986603
0.123333333333333,9.5,0.895645668961634
0.123333333333333,9.51020408163265,0.89620081693871
0.123333333333333,9.52040816326531,0.89673466850509
0.123333333333333,9.53061224489796,0.897247350653101
0.123333333333333,9.54081632653061,0.897738981616009
0.123333333333333,9.55102040816326,0.898209682934993
0.123333333333333,9.56122448979592,0.898659584317557
0.123333333333333,9.57142857142857,0.899088801464371
0.123333333333333,9.58163265306122,0.899497460820616
0.123333333333333,9.59183673469388,0.899885691317179
0.123333333333333,9.60204081632653,0.900253613816612
0.123333333333333,9.61224489795918,0.900601352537691
0.123333333333333,9.62244897959184,0.900929033898245
0.123333333333333,9.63265306122449,0.901236784771962
0.123333333333333,9.64285714285714,0.901524730917068
0.123333333333333,9.65306122448979,0.9017929976184
0.123333333333333,9.66326530612245,0.90204170887981
0.123333333333333,9.6734693877551,0.902270996318494
0.123333333333333,9.68367346938775,0.902480983997351
0.123333333333333,9.69387755102041,0.902671803871565
0.123333333333333,9.70408163265306,0.902843575248075
0.123333333333333,9.71428571428572,0.902996430576878
0.123333333333333,9.72448979591837,0.90313049648066
0.123333333333333,9.73469387755102,0.903245902634459
0.123333333333333,9.74489795918367,0.903342771320444
0.123333333333333,9.75510204081633,0.90342123243736
0.123333333333333,9.76530612244898,0.903481414995543
0.123333333333333,9.77551020408163,0.90352344583821
0.123333333333333,9.78571428571428,0.903547452443643
0.123333333333333,9.79591836734694,0.903553560837945
0.123333333333333,9.80612244897959,0.903541898787914
0.123333333333333,9.81632653061225,0.90351259309804
0.123333333333333,9.8265306122449,0.903465775921912
0.123333333333333,9.83673469387755,0.903401565490557
0.123333333333333,9.84693877551021,0.903320092417856
0.123333333333333,9.85714285714286,0.903221484966695
0.123333333333333,9.86734693877551,0.903105862764146
0.123333333333333,9.87755102040816,0.902973358854878
0.123333333333333,9.88775510204082,0.902824094245352
0.123333333333333,9.89795918367347,0.902658193475997
0.123333333333333,9.90816326530612,0.902475782226973
0.123333333333333,9.91836734693878,0.902276985822064
0.123333333333333,9.92857142857143,0.902061929524018
0.123333333333333,9.93877551020408,0.901830730859584
0.123333333333333,9.94897959183674,0.901583517726056
0.123333333333333,9.95918367346939,0.901320410292591
0.123333333333333,9.96938775510204,0.901041531474395
0.123333333333333,9.97959183673469,0.900747003978486
0.123333333333333,9.98979591836735,0.900436943746753
0.123333333333333,10,0.900111473854957
0.130625,9.5,0.893144905608581
0.130625,9.51020408163265,0.893540239807857
0.130625,9.52040816326531,0.893914325334872
0.130625,9.53061224489796,0.894267291832712
0.130625,9.54081632653061,0.894599264061698
0.130625,9.55102040816326,0.89491037885351
0.130625,9.56122448979592,0.895200752404878
0.130625,9.57142857142857,0.895470523751324
0.130625,9.58163265306122,0.895719821743726
0.130625,9.59183673469388,0.895948774495254
0.130625,9.60204081632653,0.896157512235564
0.130625,9.61224489795918,0.896346170106808
0.130625,9.62244897959184,0.896514874477542
0.130625,9.63265306122449,0.896663760947246
0.130625,9.64285714285714,0.89679296028349
0.130625,9.65306122448979,0.896902606095807
0.130625,9.66326530612245,0.896992826989749
0.130625,9.6734693877551,0.897063760243316
0.130625,9.68367346938775,0.897115535293185
0.130625,9.69387755102041,0.897148284758806
0.130625,9.70408163265306,0.897162149753349
0.130625,9.71428571428572,0.89715725574858
0.130625,9.72448979591837,0.897133734886677
0.130625,9.73469387755102,0.897091724445809
0.130625,9.74489795918367,0.897031353705944
0.130625,9.75510204081633,0.896952760019078
0.130625,9.76530612244898,0.896856074604215
0.130625,9.77551020408163,0.896741428555028
0.130625,9.78571428571428,0.896608958834586
0.130625,9.79591836734694,0.896458792434964
0.130625,9.80612244897959,0.896291066079309
0.130625,9.81632653061225,0.896105910225442
0.130625,9.8265306122449,0.895903453781697
0.130625,9.83673469387755,0.895683835559813
0.130625,9.84693877551021,0.895447181896641
0.130625,9.85714285714286,0.895193621922011
0.130625,9.86734693877551,0.894923290372056
0.130625,9.87755102040816,0.894636313737175
0.130625,9.88775510204082,0.894332823711302
0.130625,9.89795918367347,0.89401294888289
0.130625,9.90816326530612,0.893676817464582
0.130625,9.91836734693878,0.893324559214358
0.130625,9.92857142857143,0.892956299420548
0.130625,9.93877551020408,0.892572166431289
0.130625,9.94897959183674,0.892172287640808
0.130625,9.95918367346939,0.891756788506702
0.130625,9.96938775510204,0.891325792737257
0.130625,9.97959183673469,0.890879425138457
0.130625,9.98979591836735,0.890417815028416
0.130625,10,0.88994107614621
0.137916666666667,9.5,0.891330140882675
0.137916666666667,9.51020408163265,0.891571076733911
0.137916666666667,9.52040816326531,0.891790700060398
0.137916666666667,9.53061224489796,0.891989145547576
0.137916666666667,9.54081632653061,0.892166550673699
0.137916666666667,9.55102040816326,0.892323057002803
0.137916666666667,9.56122448979592,0.892458806764302
0.137916666666667,9.57142857142857,0.892573933263837
0.137916666666667,9.58163265306122,0.892668579069844
0.137916666666667,9.59183673469388,0.892742885331219
0.137916666666667,9.60204081632653,0.892796989323675
0.137916666666667,9.61224489795918,0.89283103883623
0.137916666666667,9.62244897959184,0.892845172403835
0.137916666666667,9.63265306122449,0.892839527074803
0.137916666666667,9.64285714285714,0.892814247356504
0.137916666666667,9.65306122448979,0.892769475444884
0.137916666666667,9.66326530612245,0.892705352040539
0.137916666666667,9.6734693877551,0.892622015873473
0.137916666666667,9.68367346938775,0.892519616268725
0.137916666666667,9.69387755102041,0.892398289850097
0.137916666666667,9.70408163265306,0.892258177717814
0.137916666666667,9.71428571428572,0.892099422521172
0.137916666666667,9.72448979591837,0.891922164460535
0.137916666666667,9.73469387755102,0.891726545959749
0.137916666666667,9.74489795918367,0.89151270880907
0.137916666666667,9.75510204081633,0.891280791867392
0.137916666666667,9.76530612244898,0.891030936660379
0.137916666666667,9.77551020408163,0.890763284747948
0.137916666666667,9.78571428571428,0.890477974266878
0.137916666666667,9.79591836734694,0.890175143736437
0.137916666666667,9.80612244897959,0.889854937926441
0.137916666666667,9.81632653061225,0.889517491012502
0.137916666666667,9.8265306122449,0.889162941297082
0.137916666666667,9.83673469387755,0.888791431410186
0.137916666666667,9.84693877551021,0.888403092028357
0.137916666666667,9.85714285714286,0.887998063825015
0.137916666666667,9.86734693877551,0.887576486603844
0.137916666666667,9.87755102040816,0.887138490408741
0.137916666666667,9.88775510204082,0.886684213980866
0.137916666666667,9.89795918367347,0.886213789051943
0.137916666666667,9.90816326530612,0.885727356384775
0.137916666666667,9.91836734693878,0.885225040084898
0.137916666666667,9.92857142857143,0.884706982824627
0.137916666666667,9.93877551020408,0.884173309592915
0.137916666666667,9.94897959183674,0.883624158552954
0.137916666666667,9.95918367346939,0.883059648378076
0.137916666666667,9.96938775510204,0.882479921899449
0.137916666666667,9.97959183673469,0.881885100510686
0.137916666666667,9.98979591836735,0.881275314500804
0.137916666666667,10,0.880650693109972
0.145208333333333,9.5,0.884961766235156
0.145208333333333,9.51020408163265,0.885058913278208
0.145208333333333,9.52040816326531,0.885134737899569
0.145208333333333,9.53061224489796,0.885189385263903
0.145208333333333,9.54081632653061,0.885223003969086
0.145208333333333,9.55102040816326,0.8852357506358
0.145208333333333,9.56122448979592,0.885227770703899
0.145208333333333,9.57142857142857,0.885199217606685
0.145208333333333,9.58163265306122,0.885150241164934
0.145208333333333,9.59183673469388,0.885080996195575
0.145208333333333,9.60204081632653,0.884991629177929
0.145208333333333,9.61224489795918,0.884882297735099
0.145208333333333,9.62244897959184,0.884753148277538
0.145208333333333,9.63265306122449,0.884604335429544
0.145208333333333,9.64285714285714,0.884436011273546
0.145208333333333,9.65306122448979,0.884248319000304
0.145208333333333,9.66326530612245,0.884041419241044
0.145208333333333,9.6734693877551,0.883815462273215
0.145208333333333,9.68367346938775,0.883570588571781
0.145208333333333,9.69387755102041,0.883306962287332
0.145208333333333,9.70408163265306,0.883024723187743
0.145208333333333,9.71428571428572,0.882724029143403
0.145208333333333,9.72448979591837,0.882405024305313
0.145208333333333,9.73469387755102,0.882067860763519
0.145208333333333,9.74489795918367,0.881712690153337
0.145208333333333,9.75510204081633,0.881339654077182
0.145208333333333,9.76530612244898,0.880948905024762
0.145208333333333,9.77551020408163,0.880540590095016
0.145208333333333,9.78571428571428,0.880114856489725
0.145208333333333,9.79591836734694,0.879671851132313
0.145208333333333,9.80612244897959,0.879211717795664
0.145208333333333,9.81632653061225,0.878734607395922
0.145208333333333,9.8265306122449,0.87824065879459
0.145208333333333,9.83673469387755,0.877730019924028
0.145208333333333,9.84693877551021,0.8772028334662
0.145208333333333,9.85714285714286,0.876659241335905
0.145208333333333,9.86734693877551,0.876099388300091
0.145208333333333,9.87755102040816,0.875523415704671
0.145208333333333,9.88775510204082,0.874931459983305
0.145208333333333,9.89795918367347,0.874323667886319
0.145208333333333,9.90816326530612,0.873700167655044
0.145208333333333,9.91836734693878,0.873061111515095
0.145208333333333,9.92857142857143,0.872406630081139
0.145208333333333,9.93877551020408,0.871736857563339
0.145208333333333,9.94897959183674,0.871051934254596
0.145208333333333,9.95918367346939,0.87035199421115
0.145208333333333,9.96938775510204,0.869637168907548
0.145208333333333,9.97959183673469,0.86890759492368
0.145208333333333,9.98979591836735,0.868163399353603
0.145208333333333,10,0.867404717375615
0.1525,9.5,0.88000757195204
0.1525,9.51020408163265,0.879960688057966
0.1525,9.52040816326531,0.879892427643748
0.1525,9.53061224489796,0.879802962688511
0.1525,9.54081632653061,0.879692450813793
0.1525,9.55102040816326,0.879561062205973
0.1525,9.56122448979592,0.879408956231653
0.1525,9.57142857142857,0.879236304464699
0.1525,9.58163265306122,0.879043271547692
0.1525,9.59183673469388,0.878830017745247
0.1525,9.60204081632653,0.878596710994285
0.1525,9.61224489795918,0.878343510895129
0.1525,9.62244897959184,0.878070585468389
0.1525,9.63265306122449,0.877778094166021
0.1525,9.64285714285714,0.877466208001578
0.1525,9.65306122448979,0.877135082831178
0.1525,9.66326530612245,0.876784879175465
0.1525,9.6734693877551,0.876415767928703
0.1525,9.68367346938775,0.876027903963023
0.1525,9.69387755102041,0.875621448725264
0.1525,9.70408163265306,0.875196565761021
0.1525,9.71428571428572,0.874753410596014
0.1525,9.72448979591837,0.874292146868231
0.1525,9.73469387755102,0.873812926621602
0.1525,9.74489795918367,0.873315916420097
0.1525,9.75510204081633,0.872801270444257
0.1525,9.76530612244898,0.872269144975489
0.1525,9.77551020408163,0.871719692798209
0.1525,9.78571428571428,0.871153075445741
0.1525,9.79591836734694,0.870569446167231
0.1525,9.80612244897959,0.869968955770381
0.1525,9.81632653061225,0.869351761572976
0.1525,9.8265306122449,0.868718011998641
0.1525,9.83673469387755,0.868067857438886
0.1525,9.84693877551021,0.867401456561293
0.1525,9.85714285714286,0.866718948964949
0.1525,9.86734693877551,0.866020487088657
0.1525,9.87755102040816,0.865306219659211
0.1525,9.88775510204082,0.864576295179522
0.1525,9.89795918367347,0.863830854997496
0.1525,9.90816326530612,0.863070047401293
0.1525,9.91836734693878,0.862294016762913
0.1525,9.92857142857143,0.861502904007678
0.1525,9.93877551020408,0.860696850739376
0.1525,9.94897959183674,0.85987599759772
0.1525,9.95918367346939,0.859040484925035
0.1525,9.96938775510204,0.858190451144481
0.1525,9.97959183673469,0.857326035469252
0.1525,9.98979591836735,0.85644736926865
0.1525,10,0.855554590198705
0.159791666666667,9.5,0.873515852735885
0.159791666666667,9.51020408163265,0.873333253357957
0.159791666666667,9.52040816326531,0.873129111286703
0.159791666666667,9.53061224489796,0.872903606763476
0.159791666666667,9.54081632653061,0.872656920339772
0.159791666666667,9.55102040816326,0.872389241751751
0.159791666666667,9.56122448979592,0.87210074325403
0.159791666666667,9.57142857142857,0.871791610541266
0.159791666666667,9.58163265306122,0.871462023565257
0.159791666666667,9.59183673469388,0.871112166637196
0.159791666666667,9.60204081632653,0.870742209351247
0.159791666666667,9.61224489795918,0.870352338883018
0.159791666666667,9.62244897959184,0.869942730165171
0.159791666666667,9.63265306122449,0.869513565130223
0.159791666666667,9.64285714285714,0.869065012436592
0.159791666666667,9.65306122448979,0.868597254993114
0.159791666666667,9.66326530612245,0.868110466287984
0.159791666666667,9.6734693877551,0.86760481840783
0.159791666666667,9.68367346938775,0.867080492142276
0.159791666666667,9.69387755102041,0.866537652894775
0.159791666666667,9.70408163265306,0.865976478292537
0.159791666666667,9.71428571428572,0.865397140132138
0.159791666666667,9.72448979591837,0.864799803826108
0.159791666666667,9.73469387755102,0.864184645282016
0.159791666666667,9.74489795918367,0.863551828119141
0.159791666666667,9.75510204081633,0.862901524411365
0.159791666666667,9.76530612244898,0.862233899304177
0.159791666666667,9.77551020408163,0.861549119055915
0.159791666666667,9.78571428571428,0.860847350419171
0.159791666666667,9.79591836734694,0.860128753963353
0.159791666666667,9.80612244897959,0.859393495765731
0.159791666666667,9.81632653061225,0.858641732556629
0.159791666666667,9.8265306122449,0.857873634882183
0.159791666666667,9.83673469387755,0.857089353564252
0.159791666666667,9.84693877551021,0.856289052624172
0.159791666666667,9.85714285714286,0.855472887945258
0.159791666666667,9.86734693877551,0.854641012710303
0.159791666666667,9.87755102040816,0.853793588215557
0.159791666666667,9.88775510204082,0.852930764549156
0.159791666666667,9.89795918367347,0.852052696306251
0.159791666666667,9.90816326530612,0.851159532723773
0.159791666666667,9.91836734693878,0.850251426971129
0.159791666666667,9.92857142857143,0.849328527314297
0.159791666666667,9.93877551020408,0.84839098260401
0.159791666666667,9.94897959183674,0.847438933477752
0.159791666666667,9.95918367346939,0.846472536634388
0.159791666666667,9.96938775510204,0.845491925772415
0.159791666666667,9.97959183673469,0.844497248946317
0.159791666666667,9.98979591836735,0.843488647293758
0.159791666666667,10,0.842466256733286
0.167083333333333,9.5,0.866061081353221
0.167083333333333,9.51020408163265,0.865739261105611
0.167083333333333,9.52040816326531,0.865395904363233
0.167083333333333,9.53061224489796,0.865031208026946
0.167083333333333,9.54081632653061,0.864645368420928
0.167083333333333,9.55102040816326,0.864238590539968
0.167083333333333,9.56122448979592,0.863811072368195
0.167083333333333,9.57142857142857,0.863363003419393
0.167083333333333,9.58163265306122,0.862894583646927
0.167083333333333,9.59183673469388,0.862406009562633
0.167083333333333,9.60204081632653,0.861897472753866
0.167083333333333,9.61224489795918,0.861369168771097
0.167083333333333,9.62244897959184,0.860821284845167
0.167083333333333,9.63265306122449,0.860254015497273
0.167083333333333,9.64285714285714,0.859667554746561
0.167083333333333,9.65306122448979,0.859062081200905
0.167083333333333,9.66326530612245,0.858437789798145
0.167083333333333,9.6734693877551,0.857794865101304
0.167083333333333,9.68367346938775,0.857133494197661
0.167083333333333,9.69387755102041,0.856453863854678
0.167083333333333,9.70408163265306,0.855756151863566
0.167083333333333,9.71428571428572,0.855040543812223
0.167083333333333,9.72448979591837,0.854307221446413
0.167083333333333,9.73469387755102,0.853556363189371
0.167083333333333,9.74489795918367,0.852788150985463
0.167083333333333,9.75510204081633,0.852002756960162
0.167083333333333,9.76530612244898,0.851200359785838
0.167083333333333,9.77551020408163,0.850381137404951
0.167083333333333,9.78571428571428,0.849545262251227
0.167083333333333,9.79591836734694,0.848692903202595
0.167083333333333,9.80612244897959,0.847824238515142
0.167083333333333,9.81632653061225,0.846939432105492
0.167083333333333,9.8265306122449,0.84603865548524
0.167083333333333,9.83673469387755,0.845122075023965
0.167083333333333,9.84693877551021,0.844189853712792
0.167083333333333,9.85714285714286,0.843242162511806
0.167083333333333,9.86734693877551,0.842279160708979
0.167083333333333,9.87755102040816,0.841301012478075
0.167083333333333,9.88775510204082,0.840307870765696
0.167083333333333,9.89795918367347,0.839299906108418
0.167083333333333,9.90816326530612,0.838277267830027
0.167083333333333,9.91836734693878,0.837240115723221
0.167083333333333,9.92857142857143,0.836188600499117
0.167083333333333,9.93877551020408,0.835122881670934
0.167083333333333,9.94897959183674,0.834043105797146
0.167083333333333,9.95918367346939,0.832949422244423
0.167083333333333,9.96938775510204,0.831841982050449
0.167083333333333,9.97959183673469,0.830720931759717
0.167083333333333,9.98979591836735,0.829586422033423
0.167083333333333,10,0.828438589155859
0.174375,9.5,0.858973119886575
0.174375,9.51020408163265,0.858527675486868
0.174375,9.52040816326531,0.858060521885489
0.174375,9.53061224489796,0.857571875797155
0.174375,9.54081632653061,0.857061958260586
0.174375,9.55102040816326,0.856530980210607
0.174375,9.56122448979592,0.855979167601442
0.174375,9.57142857142857,0.855406724766179
0.174375,9.58163265306122,0.854813875859886
0.174375,9.59183673469388,0.854200823614696
0.174375,9.60204081632653,0.853567779976559
0.174375,9.61224489795918,0.852914953818074
0.174375,9.62244897959184,0.852242558369673
0.174375,9.63265306122449,0.851550795623243
0.174375,9.64285714285714,0.850839866499357
0.174375,9.65306122448979,0.850109979475849
0.174375,9.66326530612245,0.84936133723843
0.174375,9.6734693877551,0.848594138641544
0.174375,9.68367346938775,0.847808584279623
0.174375,9.69387755102041,0.847004867217189
0.174375,9.70408163265306,0.846183188929722
0.174375,9.71428571428572,0.845343743639522
0.174375,9.72448979591837,0.844486720105577
0.174375,9.73469387755102,0.843612314060398
0.174375,9.74489795918367,0.842720715763512
0.174375,9.75510204081633,0.841812114057341
0.174375,9.76530612244898,0.840886695654203
0.174375,9.77551020408163,0.83994464174911
0.174375,9.78571428571428,0.838986145655736
0.174375,9.79591836734694,0.838011383062425
0.174375,9.80612244897959,0.837020536449947
0.174375,9.81632653061225,0.836013784913314
0.174375,9.8265306122449,0.834991306625476
0.174375,9.83673469387755,0.833953279158646
0.174375,9.84693877551021,0.832899875030603
0.174375,9.85714285714286,0.831831268718177
0.174375,9.86734693877551,0.830747629901031
0.174375,9.87755102040816,0.829649130549355
0.174375,9.88775510204082,0.828535938076498
0.174375,9.89795918367347,0.827408215792423
0.174375,9.90816326530612,0.826266133375193
0.174375,9.91836734693878,0.825109847521055
0.174375,9.92857142857143,0.823939527751072
0.174375,9.93877551020408,0.822755326404903
0.174375,9.94897959183674,0.821557409790189
0.174375,9.95918367346939,0.820345924065547
0.174375,9.96938775510204,0.819121029484498
0.174375,9.97959183673469,0.817882879024393
0.174375,9.98979591836735,0.816631625349707
0.174375,10,0.815367416306714
0.181666666666667,9.5,0.850693679430786
0.181666666666667,9.51020408163265,0.850120600887428
0.181666666666667,9.52040816326531,0.849525789664466
0.181666666666667,9.53061224489796,0.848909482541764
0.181666666666667,9.54081632653061,0.84827191717811
0.181666666666667,9.55102040816326,0.847613322401685
0.181666666666667,9.56122448979592,0.846933939503632
0.181666666666667,9.57142857142857,0.846233993722123
0.181666666666667,9.58163265306122,0.845513716162371
0.181666666666667,9.59183673469388,0.844773332594929
0.181666666666667,9.60204081632653,0.844013073158982
0.181666666666667,9.61224489795918,0.84323315750476
0.181666666666667,9.62244897959184,0.84243381031054
0.181666666666667,9.63265306122449,0.841615250386625
0.181666666666667,9.64285714285714,0.840777696162004
0.181666666666667,9.65306122448979,0.83992136742329
0.181666666666667,9.66326530612245,0.839046476117008
0.181666666666667,9.6734693877551,0.838153242075445
0.181666666666667,9.68367346938775,0.837241868028528
0.181666666666667,9.69387755102041,0.8363125696689
0.181666666666667,9.70408163265306,0.835365553689349
0.181666666666667,9.71428571428572,0.834401027022396
0.181666666666667,9.72448979591837,0.833419192632438
0.181666666666667,9.73469387755102,0.832420254677751
0.181666666666667,9.74489795918367,0.831404414536025
0.181666666666667,9.75510204081633,0.830371870027812
0.181666666666667,9.76530612244898,0.829322817842514
0.181666666666667,9.77551020408163,0.828257453053803
0.181666666666667,9.78571428571428,0.82717597274038
0.181666666666667,9.79591836734694,0.826078564928112
0.181666666666667,9.80612244897959,0.824965420628802
0.181666666666667,9.81632653061225,0.823836729021899
0.181666666666667,9.8265306122449,0.822692675779864
0.181666666666667,9.83673469387755,0.821533441578487
0.181666666666667,9.84693877551021,0.820359213477911
0.181666666666667,9.85714285714286,0.81917017220789
0.181666666666667,9.86734693877551,0.817966492675416
0.181666666666667,9.87755102040816,0.816748351620664
0.181666666666667,9.88775510204082,0.815515929053656
0.181666666666667,9.89795918367347,0.814269396719718
0.181666666666667,9.90816326530612,0.81300892185983
0.181666666666667,9.91836734693878,0.811734675805073
0.181666666666667,9.92857142857143,0.810446824003089
0.181666666666667,9.93877551020408,0.809145535375468
0.181666666666667,9.94897959183674,0.807830972993073
0.181666666666667,9.95918367346939,0.806503297130316
0.181666666666667,9.96938775510204,0.805162667886699
0.181666666666667,9.97959183673469,0.80380924489031
0.181666666666667,9.98979591836735,0.802443179935606
0.181666666666667,10,0.801064632108777
0.188958333333333,9.5,0.842719570627026
0.188958333333333,9.51020408163265,0.842004149899656
0.188958333333333,9.52040816326531,0.841267202849371
0.188958333333333,9.53061224489796,0.840508992747774
0.188958333333333,9.54081632653061,0.839729768681509
0.188958333333333,9.55102040816326,0.838929790462081
0.188958333333333,9.56122448979592,0.838109302170422
0.188958333333333,9.57142857142857,0.837268559008412
0.188958333333333,9.58163265306122,0.836407803768087
0.188958333333333,9.59183673469388,0.835527282096603
0.188958333333333,9.60204081632653,0.834627233742746
0.188958333333333,9.61224489795918,0.83370790153846
0.188958333333333,9.62244897959184,0.832769519485374
0.188958333333333,9.63265306122449,0.831812326094527
0.188958333333333,9.64285714285714,0.83083655293897
0.188958333333333,9.65306122448979,0.829842424638827
0.188958333333333,9.66326530612245,0.828830180280741
0.188958333333333,9.6734693877551,0.827800039552431
0.188958333333333,9.68367346938775,0.826752229784927
0.188958333333333,9.69387755102041,0.82568696585285
0.188958333333333,9.70408163265306,0.824604471957397
0.188958333333333,9.71428571428572,0.823504968835875
0.188958333333333,9.72448979591837,0.822388665681001
0.188958333333333,9.73469387755102,0.821255781072592
0.188958333333333,9.74489795918367,0.820106520262469
0.188958333333333,9.75510204081633,0.818941092810127
0.188958333333333,9.76530612244898,0.817759708824825
0.188958333333333,9.77551020408163,0.816562568785257
0.188958333333333,9.78571428571428,0.815349874765192
0.188958333333333,9.79591836734694,0.814121829619257
0.188958333333333,9.80612244897959,0.81287862676881
0.188958333333333,9.81632653061225,0.811620464217181
0.188958333333333,9.8265306122449,0.810347535465261
0.188958333333333,9.83673469387755,0.809060030260215
0.188958333333333,9.84693877551021,0.807758140801641
0.188958333333333,9.85714285714286,0.806442046586618
0.188958333333333,9.86734693877551,0.805111939117122
0.188958333333333,9.87755102040816,0.80376799916922
0.188958333333333,9.88775510204082,0.802410404965685
0.188958333333333,9.89795918367347,0.801039336528966
0.188958333333333,9.90816326530612,0.799654969615617
0.188958333333333,9.91836734693878,0.798257475678554
0.188958333333333,9.92857142857143,0.796847031782605
0.188958333333333,9.93877551020408,0.795423801235022
0.188958333333333,9.94897959183674,0.793987957071087
0.188958333333333,9.95918367346939,0.79253966071837
0.188958333333333,9.96938775510204,0.79107908017918
0.188958333333333,9.97959183673469,0.789606368877703
0.188958333333333,9.98979591836735,0.788121693647073
0.188958333333333,10,0.78662520650139
0.19625,9.5,0.832691991097189
0.19625,9.51020408163265,0.831855374167398
0.19625,9.52040816326531,0.830997426141902
0.19625,9.53061224489796,0.830118419445689
0.19625,9.54081632653061,0.829218614912072
0.19625,9.55102040816326,0.828298280200591
0.19625,9.56122448979592,0.827357673841376
0.19625,9.57142857142857,0.826397052556515
0.19625,9.58163265306122,0.825416677574032
0.19625,9.59183673469388,0.824416799167538
0.19625,9.60204081632653,0.823397665339815
0.19625,9.61224489795918,0.822359532597231
0.19625,9.62244897959184,0.821302640228637
0.19625,9.63265306122449,0.820227236561668
0.19625,9.64285714285714,0.819133560787591
0.19625,9.65306122448979,0.818021855553336
0.19625,9.66326530612245,0.816892353487504
0.19625,9.6734693877551,0.815745288891313
0.19625,9.68367346938775,0.814580900065836
0.19625,9.69387755102041,0.813399409919056
0.19625,9.70408163265306,0.812201051577027
0.19625,9.71428571428572,0.810986044795341
0.19625,9.72448979591837,0.809754616229577
0.19625,9.73469387755102,0.808506980035474
0.19625,9.74489795918367,0.807243364241081
0.19625,9.75510204081633,0.80596397470413
0.19625,9.76530612244898,0.804669030381294
0.19625,9.77551020408163,0.80335874044854
0.19625,9.78571428571428,0.802033312581556
0.19625,9.79591836734694,0.800692953888693
0.19625,9.80612244897959,0.799337867913824
0.19625,9.81632653061225,0.797968253145928
0.19625,9.8265306122449,0.796584318709777
0.19625,9.83673469387755,0.795186248912774
0.19625,9.84693877551021,0.793774246893607
0.19625,9.85714285714286,0.792348499950282
0.19625,9.86734693877551,0.790909200664146
0.19625,9.87755102040816,0.789456536883123
0.19625,9.88775510204082,0.787990692010795
0.19625,9.89795918367347,0.786511849230679
0.19625,9.90816326530612,0.785020190056964
0.19625,9.91836734693878,0.783515889057843
0.19625,9.92857142857143,0.78199912924198
0.19625,9.93877551020408,0.780470081581062
0.19625,9.94897959183674,0.778928915251716
0.19625,9.95918367346939,0.777375804524758
0.19625,9.96938775510204,0.775810912268483
0.19625,9.97959183673469,0.7742344035023
0.19625,9.98979591836735,0.77264644266206
0.19625,10,0.771047190816946
0.203541666666667,9.5,0.823180009516814
0.203541666666667,9.51020408163265,0.822224495866082
0.203541666666667,9.52040816326531,0.82124773209787
0.203541666666667,9.53061224489796,0.820250010260219
0.203541666666667,9.54081632653061,0.819231614836597
0.203541666666667,9.55102040816326,0.818192826833145
0.203541666666667,9.56122448979592,0.81713392331169
0.203541666666667,9.57142857142857,0.816055182792473
0.203541666666667,9.58163265306122,0.814956879289378
0.203541666666667,9.59183673469388,0.813839280548333
0.203541666666667,9.60204081632653,0.812702655357664
0.203541666666667,9.61224489795918,0.811547269641675
0.203541666666667,9.62244897959184,0.810373386495271
0.203541666666667,9.63265306122449,0.809181261547833
0.203541666666667,9.64285714285714,0.807971151761398
0.203541666666667,9.65306122448979,0.806743314826171
0.203541666666667,9.66326530612245,0.805497993443715
0.203541666666667,9.6734693877551,0.804235445152723
0.203541666666667,9.68367346938775,0.802955907897439
0.203541666666667,9.69387755102041,0.801659624359045
0.203541666666667,9.70408163265306,0.800346838787437
0.203541666666667,9.71428571428572,0.799017782148237
0.203541666666667,9.72448979591837,0.797672695816178
0.203541666666667,9.73469387755102,0.796311807569271
0.203541666666667,9.74489795918367,0.794935340383725
0.203541666666667,9.75510204081633,0.793543531040159
0.203541666666667,9.76530612244898,0.79213659593607
0.203541666666667,9.77551020408163,0.790714754584798
0.203541666666667,9.78571428571428,0.789278231671966
0.203541666666667,9.79591836734694,0.787827235659608
0.203541666666667,9.80612244897959,0.786361983056892
0.203541666666667,9.81632653061225,0.784882684237715
0.203541666666667,9.8265306122449,0.78338954639484
0.203541666666667,9.83673469387755,0.781882769481362
0.203541666666667,9.84693877551021,0.78036256275814
0.203541666666667,9.85714285714286,0.778829121276399
0.203541666666667,9.86734693877551,0.777282643997229
0.203541666666667,9.87755102040816,0.775723322823023
0.203541666666667,9.88775510204082,0.774151352350724
0.203541666666667,9.89795918367347,0.772566922298003
0.203541666666667,9.90816326530612,0.770970218138184
0.203541666666667,9.91836734693878,0.769361425222249
0.203541666666667,9.92857142857143,0.767740722677007
0.203541666666667,9.93877551020408,0.76610829302502
0.203541666666667,9.94897959183674,0.764464308795569
0.203541666666667,9.95918367346939,0.762808950932789
0.203541666666667,9.96938775510204,0.761142388104107
0.203541666666667,9.97959183673469,0.7594647858128
0.203541666666667,9.98979591836735,0.757776319711731
0.203541666666667,10,0.756077146053055
0.210833333333333,9.5,0.813502577713427
0.210833333333333,9.51020408163265,0.812419196557754
0.210833333333333,9.52040816326531,0.811314993610792
0.210833333333333,9.53061224489796,0.810190270604362
0.210833333333333,9.54081632653061,0.809045325142824
0.210833333333333,9.55102040816326,0.807880456032156
0.210833333333333,9.56122448979592,0.806695952406987
0.210833333333333,9.57142857142857,0.805492103659361
0.210833333333333,9.58163265306122,0.804269196423489
0.210833333333333,9.59183673469388,0.803027510140581
0.210833333333333,9.60204081632653,0.801767326001987
0.210833333333333,9.61224489795918,0.800488920233239
0.210833333333333,9.62244897959184,0.799192560553242
0.210833333333333,9.63265306122449,0.79787852204882
0.210833333333333,9.64285714285714,0.79654706772659
0.210833333333333,9.65306122448979,0.795198459496912
0.210833333333333,9.66326530612245,0.793832959731358
0.210833333333333,9.6734693877551,0.792450824476031
0.210833333333333,9.68367346938775,0.791052304750869
0.210833333333333,9.69387755102041,0.789637653927094
0.210833333333333,9.70408163265306,0.788207122893898
0.210833333333333,9.71428571428572,0.786760944285097
0.210833333333333,9.72448979591837,0.78529937562394
0.210833333333333,9.73469387755102,0.783822643622415
0.210833333333333,9.74489795918367,0.782330985190973
0.210833333333333,9.75510204081633,0.780824636496329
0.210833333333333,9.76530612244898,0.779303823106526
0.210833333333333,9.77551020408163,0.777768772774942
0.210833333333333,9.78571428571428,0.776219710754062
0.210833333333333,9.79591836734694,0.774656857123477
0.210833333333333,9.80612244897959,0.773080429000296
0.210833333333333,9.81632653061225,0.771490639184936
0.210833333333333,9.8265306122449,0.769887703267674
0.210833333333333,9.83673469387755,0.768271828461784
0.210833333333333,9.84693877551021,0.766643218468226
0.210833333333333,9.85714285714286,0.765002083231215
0.210833333333333,9.86734693877551,0.763348617631726
0.210833333333333,9.87755102040816,0.761683021502244
0.210833333333333,9.88775510204082,0.760005490267775
0.210833333333333,9.89795918367347,0.75831621632167
0.210833333333333,9.90816326530612,0.756615388924208
0.210833333333333,9.91836734693878,0.754903195216307
0.210833333333333,9.92857142857143,0.753179821827036
0.210833333333333,9.93877551020408,0.751445444261151
0.210833333333333,9.94897959183674,0.749700249396597
0.210833333333333,9.95918367346939,0.747944406056303
0.210833333333333,9.96938775510204,0.746178094121472
0.210833333333333,9.97959183673469,0.744401480213717
0.210833333333333,9.98979591836735,0.74261473606261
0.210833333333333,10,0.740818027529193
0.218125,9.5,0.804872615760572
0.218125,9.51020408163265,0.803681234565798
0.218125,9.52040816326531,0.8024691514557
0.218125,9.53061224489796,0.801236681945851
0.218125,9.54081632653061,0.799984146068993
0.218125,9.55102040816326,0.798711853801948
0.218125,9.56122448979592,0.797420119076452
0.218125,9.57142857142857,0.796109243058127
0.218125,9.58163265306122,0.794779528457568
0.218125,9.59183673469388,0.793431273201761
0.218125,9.60204081632653,0.792064769288563
0.218125,9.61224489795918,0.790680312205965
0.218125,9.62244897959184,0.789278185501831
0.218125,9.63265306122449,0.787858672936319
0.218125,9.64285714285714,0.786422055619352
0.218125,9.65306122448979,0.784968608452283
0.218125,9.66326530612245,0.783498604778661
0.218125,9.6734693877551,0.782012316439614
0.218125,9.68367346938775,0.780510004462111
0.218125,9.69387755102041,0.77899193463053
0.218125,9.70408163265306,0.777458365060134
0.218125,9.71428571428572,0.775909550729338
0.218125,9.72448979591837,0.774345742445594
0.218125,9.73469387755102,0.772767193526403
0.218125,9.74489795918367,0.77117414550023
0.218125,9.75510204081633,0.769566845840259
0.218125,9.76530612244898,0.767945526288131
0.218125,9.77551020408163,0.766310427375344
0.218125,9.78571428571428,0.764661779984233
0.218125,9.79591836734694,0.762999811788418
0.218125,9.80612244897959,0.76132475361524
0.218125,9.81632653061225,0.759636822616142
0.218125,9.8265306122449,0.7579362421479
0.218125,9.83673469387755,0.756223230763418
0.218125,9.84693877551021,0.754497998607664
0.218125,9.85714285714286,0.752760755202494
0.218125,9.86734693877551,0.751011709435349
0.218125,9.87755102040816,0.749251066666274
0.218125,9.88775510204082,0.74747902732551
0.218125,9.89795918367347,0.745695791620644
0.218125,9.90816326530612,0.743901553600742
0.218125,9.91836734693878,0.742096505360985
0.218125,9.92857142857143,0.740280838307966
0.218125,9.93877551020408,0.738454737310632
0.218125,9.94897959183674,0.736618385373618
0.218125,9.95918367346939,0.734771968407313
0.218125,9.96938775510204,0.732915659973324
0.218125,9.97959183673469,0.731049640837878
0.218125,9.98979591836735,0.729174080563497
0.218125,10,0.727289147674261
0.225416666666667,9.5,0.795165346761659
0.225416666666667,9.51020408163265,0.793867943882386
0.225416666666667,9.52040816326531,0.792550203852563
0.225416666666667,9.53061224489796,0.791212459402456
0.225416666666667,9.54081632653061,0.789855046894354
0.225416666666667,9.55102040816326,0.788478287528503
0.225416666666667,9.56122448979592,0.787082507349569
0.225416666666667,9.57142857142857,0.785668022297849
0.225416666666667,9.58163265306122,0.784235146638073
0.225416666666667,9.59183673469388,0.782784191961762
0.225416666666667,9.60204081632653,0.781315466292157
0.225416666666667,9.61224489795918,0.779829266930312
0.225416666666667,9.62244897959184,0.778325892288654
0.225416666666667,9.63265306122449,0.776805638516892
0.225416666666667,9.64285714285714,0.77526879175975
0.225416666666667,9.65306122448979,0.773715644858646
0.225416666666667,9.66326530612245,0.772146473731495
0.225416666666667,9.6734693877551,0.770561557296588
0.225416666666667,9.68367346938775,0.768961171333692
0.225416666666667,9.69387755102041,0.767345587004059
0.225416666666667,9.70408163265306,0.765715068714131
0.225416666666667,9.71428571428572,0.764069884199269
0.225416666666667,9.72448979591837,0.762410288177412
0.225416666666667,9.73469387755102,0.76073654051725
0.225416666666667,9.74489795918367,0.759048890164095
0.225416666666667,9.75510204081633,0.757347588371431
0.225416666666667,9.76530612244898,0.75563287773354
0.225416666666667,9.77551020408163,0.753905001524097
0.225416666666667,9.78571428571428,0.752164196856093
0.225416666666667,9.79591836734694,0.750410698597493
0.225416666666667,9.80612244897959,0.748644738125523
0.225416666666667,9.81632653061225,0.746866542612085
0.225416666666667,9.8265306122449,0.745076337023963
0.225416666666667,9.83673469387755,0.743274340667977
0.225416666666667,9.84693877551021,0.741460773449887
0.225416666666667,9.85714285714286,0.73963584800337
0.225416666666667,9.86734693877551,0.737799775066893
0.225416666666667,9.87755102040816,0.735952766161195
0.225416666666667,9.88775510204082,0.734095022982467
0.225416666666667,9.89795918367347,0.732226745705765
0.225416666666667,9.90816326530612,0.730348134445875
0.225416666666667,9.91836734693878,0.728459384395073
0.225416666666667,9.92857142857143,0.726560687061453
0.225416666666667,9.93877551020408,0.724652232953667
0.225416666666667,9.94897959183674,0.722734206667174
0.225416666666667,9.95918367346939,0.72080679289112
0.225416666666667,9.96938775510204,0.71887017021083
0.225416666666667,9.97959183673469,0.716924521376553
0.225416666666667,9.98979591836735,0.714970010235518
0.225416666666667,10,0.713006817805756
0.232708333333333,9.5,0.785897702871622
0.232708333333333,9.51020408163265,0.784506627509066
0.232708333333333,9.52040816326531,0.783095575610887
0.232708333333333,9.53061224489796,0.78166489406294
0.232708333333333,9.54081632653061,0.780214927203049
0.232708333333333,9.55102040816326,0.778746011054031
0.232708333333333,9.56122448979592,0.777258481636477
0.232708333333333,9.57142857142857,0.775752665405669
0.232708333333333,9.58163265306122,0.77422889041265
0.232708333333333,9.59183673469388,0.772687474282893
0.232708333333333,9.60204081632653,0.771128732648499
0.232708333333333,9.61224489795918,0.76955297694099
0.232708333333333,9.62244897959184,0.767960515216233
0.232708333333333,9.63265306122449,0.766351652657044
0.232708333333333,9.64285714285714,0.76472668201972
0.232708333333333,9.65306122448979,0.763085903797876
0.232708333333333,9.66326530612245,0.761429605996836
0.232708333333333,9.6734693877551,0.759758073697065
0.232708333333333,9.68367346938775,0.758071587571233
0.232708333333333,9.69387755102041,0.756370428596434
0.232708333333333,9.70408163265306,0.754654870288524
0.232708333333333,9.71428571428572,0.752925182056678
0.232708333333333,9.72448979591837,0.751181629297845
0.232708333333333,9.73469387755102,0.749424474052738
0.232708333333333,9.74489795918367,0.747653976405703
0.232708333333333,9.75510204081633,0.745870390435284
0.232708333333333,9.76530612244898,0.744073963856863
0.232708333333333,9.77551020408163,0.742264948260323
0.232708333333333,9.78571428571428,0.740443581815207
0.232708333333333,9.79591836734694,0.738610108717349
0.232708333333333,9.80612244897959,0.736764759418055
0.232708333333333,9.81632653061225,0.734907769809573
0.232708333333333,9.8265306122449,0.733039366800981
0.232708333333333,9.83673469387755,0.731159775463837
0.232708333333333,9.84693877551021,0.729269220822591
0.232708333333333,9.85714285714286,0.727367916208331
0.232708333333333,9.86734693877551,0.725456077287861
0.232708333333333,9.87755102040816,0.723533918497262
0.232708333333333,9.88775510204082,0.721601641530518
0.232708333333333,9.89795918367347,0.719659455766387
0.232708333333333,9.90816326530612,0.717707563819497
0.232708333333333,9.91836734693878,0.715746156450886
0.232708333333333,9.92857142857143,0.713775434772966
0.232708333333333,9.93877551020408,0.711795586679163
0.232708333333333,9.94897959183674,0.709806803563049
0.232708333333333,9.95918367346939,0.707809267696051
0.232708333333333,9.96938775510204,0.705803162765377
0.232708333333333,9.97959183673469,0.703788669709773
0.232708333333333,9.98979591836735,0.701765960454082
0.232708333333333,10,0.699735212187481
0.24,9.5,0.775193698809199
0.24,9.51020408163265,0.773692978240247
0.24,9.52040816326531,0.772172960439774
0.24,9.53061224489796,0.770633996834939
0.24,9.54081632653061,0.769076436213869
0.24,9.55102040816326,0.767500620820834
0.24,9.56122448979592,0.765906887678758
0.24,9.57142857142857,0.764295573352721
0.24,9.58163265306122,0.762667004625544
0.24,9.59183673469388,0.761021507613778
0.24,9.60204081632653,0.759359399341572
0.24,9.61224489795918,0.757680997546705
0.24,9.62244897959184,0.755986611729932
0.24,9.63265306122449,0.754276552467428
0.24,9.64285714285714,0.752551115492945
0.24,9.65306122448979,0.750810600859732
0.24,9.66326530612245,0.749055306136314
0.24,9.6734693877551,0.747285517043282
0.24,9.68367346938775,0.745501521833046
0.24,9.69387755102041,0.743703593540305
0.24,9.70408163265306,0.741892016656608
0.24,9.71428571428572,0.740067061934712
0.24,9.72448979591837,0.73822899544319
0.24,9.73469387755102,0.736378084612508
0.24,9.74489795918367,0.734514588787762
0.24,9.75510204081633,0.732638763359759
0.24,9.76530612244898,0.73075086372474
0.24,9.77551020408163,0.728851133615552
0.24,9.78571428571428,0.726939821757332
0.24,9.79591836734694,0.725017171035446
0.24,9.80612244897959,0.723083413192193
0.24,9.81632653061225,0.721138784363521
0.24,9.8265306122449,0.719183514582191
0.24,9.83673469387755,0.717217829201267
0.24,9.84693877551021,0.715241953123148
0.24,9.85714285714286,0.713256103084985
0.24,9.86734693877551,0.711260492936567
0.24,9.87755102040816,0.709255337415644
0.24,9.88775510204082,0.707240842608894
0.24,9.89795918367347,0.705217214293113
0.24,9.90816326530612,0.703184655112158
0.24,9.91836734693878,0.70114336211387
0.24,9.92857142857143,0.699093531481128
0.24,9.93877551020408,0.697035352268425
0.24,9.94897959183674,0.694969015521204
0.24,9.95918367346939,0.692894705494726
0.24,9.96938775510204,0.690812604249333
0.24,9.97959183673469,0.688722889067934
0.24,9.98979591836735,0.686625738777612
0.24,10,0.684521323580216
