"lumped_element_capacitance [pF]","Freq [GHz]","ang_deg(S(1,1)) [deg]"
0.065,9.5,79.4984739712573
0.065,9.51020408163265,79.3773313966326
0.065,9.52040816326531,79.2520503663541
0.065,9.53061224489796,79.1225517188477
0.065,9.54081632653061,78.9887531599953
0.065,9.55102040816326,78.8505691849028
0.065,9.56122448979592,78.7079109958263
0.065,9.57142857142857,78.5606864155543
0.065,9.58163265306122,78.4087997962557
0.065,9.59183673469388,78.252151924298
0.065,9.60204081632653,78.0906399193597
0.065,9.61224489795918,77.9241571308227
0.065,9.62244897959184,77.7525930281057
0.065,9.63265306122449,77.5758330870408
0.065,9.64285714285714,77.3937586722384
0.065,9.65306122448979,77.2062469141012
0.065,9.66326530612245,77.0131705815444
0.065,9.6734693877551,76.8143979507204
0.065,9.68367346938775,76.609792668985
0.065,9.69387755102041,76.3992136145227
0.065,9.70408163265306,76.1825147520368
0.065,9.71428571428572,75.9595449837826
0.065,9.72448979591837,75.730147997279
0.065,9.73469387755102,75.4941621092076
0.065,9.74489795918367,75.2514201055291
0.065,9.75510204081633,75.0017490787488
0.065,9.76530612244898,74.7449702622413
0.065,9.77551020408163,74.4808988618735
0.065,9.78571428571428,74.2093438868284
0.065,9.79591836734694,73.9301079775629
0.065,9.80612244897959,73.6429872349382
0.065,9.81632653061225,73.3477710475241
0.065,9.8265306122449,73.044241921579
0.065,9.83673469387755,72.7321753127035
0.065,9.84693877551021,72.4113394599757
0.065,9.85714285714286,72.0814952264904
0.065,9.86734693877551,71.7423959437055
0.065,9.87755102040816,71.3937872658159
0.065,9.88775510204082,71.0354070326981
0.065,9.89795918367347,70.6669851457368
0.065,9.90816326530612,70.2882434568683
0.065,9.91836734693878,69.8988956770904
0.065,9.92857142857143,69.4986473027018
0.065,9.93877551020408,69.0871955678027
0.065,9.94897959183674,68.6642294228545
0.065,9.95918367346939,68.2294295454493
0.065,9.96938775510204,67.7824683884843
0.065,9.97959183673469,67.3230102686871
0.065,9.98979591836735,66.850711504062
0.065,10,66.3652206031891
0.0722916666666667,9.5,76.5610966783069
0.0722916666666667,9.51020408163265,76.3982200745538
0.0722916666666667,9.52040816326531,76.2300928550935
0.0722916666666667,9.53061224489796,76.0565972157216
0.0722916666666667,9.54081632653061,75.8776108450553
0.0722916666666667,9.55102040816326,75.6930067905269
0.0722916666666667,9.56122448979592,75.5026533184591
0.0722916666666667,9.57142857142857,75.3064137687366
0.0722916666666667,9.58163265306122,75.1041464037439
0.0722916666666667,9.59183673469388,74.895704251846
0.0722916666666667,9.60204081632653,74.6809349450709
0.0722916666666667,9.61224489795918,74.4596805519562
0.0722916666666667,9.62244897959184,74.2317774046022
0.0722916666666667,9.63265306122449,73.997055921199
0.0722916666666667,9.64285714285714,73.7553404231375
0.0722916666666667,9.65306122448979,73.5064489483388
0.0722916666666667,9.66326530612245,73.2501930598302
0.0722916666666667,9.6734693877551,72.9863776510569
0.0722916666666667,9.68367346938775,72.7148007473785
0.0722916666666667,9.69387755102041,72.4352533056004
0.0722916666666667,9.70408163265306,72.1475190109326
0.0722916666666667,9.71428571428572,71.851374073605
0.0722916666666667,9.72448979591837,71.546587024357
0.0722916666666667,9.73469387755102,71.2329185117662
0.0722916666666667,9.74489795918367,70.9101211013363
0.0722916666666667,9.75510204081633,70.5779390782729
0.0722916666666667,9.76530612244898,70.2361082562615
0.0722916666666667,9.77551020408163,69.884355792376
0.0722916666666667,9.78571428571428,69.522400012638
0.0722916666666667,9.79591836734694,69.1499502492063
0.0722916666666667,9.80612244897959,68.766706691481
0.0722916666666667,9.81632653061225,68.3723602564604
0.0722916666666667,9.8265306122449,67.96659247991
0.0722916666666667,9.83673469387755,67.5490754323195
0.0722916666666667,9.84693877551021,67.1194716661518
0.0722916666666667,9.85714285714286,66.6774341966116
0.0722916666666667,9.86734693877551,66.2226065236154
0.0722916666666667,9.87755102040816,65.7546226993519
0.0722916666666667,9.88775510204082,65.2731074500767
0.0722916666666667,9.89795918367347,64.7776763574427
0.0722916666666667,9.90816326530612,64.267936109298
0.0722916666666667,9.91836734693878,63.743484827965
0.0722916666666667,9.92857142857143,63.2039124856775
0.0722916666666667,9.93877551020408,62.6488014177823
0.0722916666666667,9.94897959183674,62.0777269453839
0.0722916666666667,9.95918367346939,61.4902581195195
0.0722916666666667,9.96938775510204,60.8859585984442
0.0722916666666667,9.97959183673469,60.2643876747954
0.0722916666666667,9.98979591836735,59.6251014630758
0.0722916666666667,10,58.9676542660863
0.0795833333333333,9.5,73.2730157852858
0.0795833333333333,9.51020408163265,73.0571561655257
0.0795833333333333,9.52040816326531,72.8345241112272
0.0795833333333333,9.53061224489796,72.6049473170011
0.0795833333333333,9.54081632653061,72.3682469569914
0.0795833333333333,9.55102040816326,72.1242374808181
0.0795833333333333,9.56122448979592,71.8727264046564
0.0795833333333333,9.57142857142857,71.6135140961691
0.0795833333333333,9.58163265306122,71.3463935553481
0.0795833333333333,9.59183673469388,71.0711501903819
0.0795833333333333,9.60204081632653,70.7875615901478
0.0795833333333333,9.61224489795918,70.4953972937053
0.0795833333333333,9.62244897959184,70.1944185585262
0.0795833333333333,9.63265306122449,69.8843781265607
0.0795833333333333,9.64285714285714,69.5650199920625
0.0795833333333333,9.65306122448979,69.2360791705037
0.0795833333333333,9.66326530612245,68.8972814712589
0.0795833333333333,9.6734693877551,68.5483432761366
0.0795833333333333,9.68367346938775,68.1889713249763
0.0795833333333333,9.69387755102041,67.8188625125288
0.0795833333333333,9.70408163265306,67.4377036975434
0.0795833333333333,9.71428571428572,67.0451715290923
0.0795833333333333,9.72448979591837,66.6409322925823
0.0795833333333333,9.73469387755102,66.2246417809217
0.0795833333333333,9.74489795918367,65.7959451942116
0.0795833333333333,9.75510204081633,65.3544770742368
0.0795833333333333,9.76530612244898,64.8998612791695
0.0795833333333333,9.77551020408163,64.431711005799
0.0795833333333333,9.78571428571428,63.9496288656536
0.0795833333333333,9.79591836734694,63.4532070246323
0.0795833333333333,9.80612244897959,62.9420274122538
0.0795833333333333,9.81632653061225,62.415662015662
0.0795833333333333,9.8265306122449,61.8736732627471
0.0795833333333333,9.83673469387755,61.3156145120418
0.0795833333333333,9.84693877551021,60.7410306571507
0.0795833333333333,9.85714285714286,60.1494588662006
0.0795833333333333,9.86734693877551,59.5404294629851
0.0795833333333333,9.87755102040816,58.9134669723634
0.0795833333333333,9.88775510204082,58.2680913441865
0.0795833333333333,9.89795918367347,57.603819373505
0.0795833333333333,9.90816326530612,56.9201663355445
0.0795833333333333,9.91836734693878,56.2166478543384
0.0795833333333333,9.92857142857143,55.4927820245927
0.0795833333333333,9.93877551020408,54.7480918056793
0.0795833333333333,9.94897959183674,53.9821077043534
0.0795833333333333,9.95918367346939,53.1943707691043
0.0795833333333333,9.96938775510204,52.384435903479
0.0795833333333333,9.97959183673469,51.5518755204265
0.0795833333333333,9.98979591836735,50.696283542354
0.0795833333333333,10,49.8172797544879
0.086875,9.5,69.6556742109137
0.086875,9.51020408163265,69.371386188409
0.086875,9.52040816326531,69.078176507018
0.086875,9.53061224489796,68.7757918610085
0.086875,9.54081632653061,68.4639694577592
0.086875,9.55102040816326,68.1424367432166
0.086875,9.56122448979592,67.810911127894
0.086875,9.57142857142857,67.469099714382
0.086875,9.58163265306122,67.1166990302938
0.086875,9.59183673469388,66.7533947666522
0.086875,9.60204081632653,66.3788615272944
0.086875,9.61224489795918,65.9927625905246
0.086875,9.62244897959184,65.5947496869604
0.086875,9.63265306122449,65.1844627995823
0.086875,9.64285714285714,64.7615299888682
0.086875,9.65306122448979,64.3255672486834
0.086875,9.66326530612245,63.8761784009073
0.086875,9.6734693877551,63.4129550337419
0.086875,9.68367346938775,62.9354764919909
0.086875,9.69387755102041,62.4433099293448
0.086875,9.70408163265306,61.9360104304763
0.086875,9.71428571428572,61.41312121553
0.086875,9.72448979591837,60.874173937469
0.086875,9.73469387755102,60.318689086241
0.086875,9.74489795918367,59.7461765147387
0.086875,9.75510204081633,59.1561361009934
0.086875,9.76530612244898,58.5480585650577
0.086875,9.77551020408163,57.9214264572003
0.086875,9.78571428571428,57.2757153401536
0.086875,9.79591836734694,56.6103951830582
0.086875,9.80612244897959,55.9249319921263
0.086875,9.81632653061225,55.2187896989481
0.086875,9.8265306122449,54.4914323322891
0.086875,9.83673469387755,53.7423264951475
0.086875,9.84693877551021,52.9709441745603
0.086875,9.85714285714286,52.1767659045716
0.086875,9.86734693877551,51.3592843057134
0.086875,9.87755102040816,50.5180080208767
0.086875,9.88775510204082,49.6524660662289
0.086875,9.89795918367347,48.7622126075622
0.086875,9.90816326530612,47.8468321683738
0.086875,9.91836734693878,46.9059452734271
0.086875,9.92857142857143,45.9392145154598
0.086875,9.93877551020408,44.9463510261817
0.086875,9.94897959183674,43.9271213229474
0.086875,9.95918367346939,42.8813544805465
0.086875,9.96938775510204,41.8089495718426
0.086875,9.97959183673469,40.7098832933294
0.086875,9.98979591836735,39.5842176816279
0.086875,10,38.4321078025929
0.0941666666666667,9.5,65.6957844499752
0.0941666666666667,9.51020408163265,65.3261610936874
0.0941666666666667,9.52040816326531,64.9448242812478
0.0941666666666667,9.53061224489796,64.551414003273
0.0941666666666667,9.54081632653061,64.1455574746829
0.0941666666666667,9.55102040816326,63.7268688957503
0.0941666666666667,9.56122448979592,63.2949492406852
0.0941666666666667,9.57142857142857,62.8493860815233
0.0941666666666667,9.58163265306122,62.3897534528209
0.0941666666666667,9.59183673469388,61.9156117667748
0.0941666666666667,9.60204081632653,61.4265077874676
0.0941666666666667,9.61224489795918,60.9219746742554
0.0941666666666667,9.62244897959184,60.4015321054144
0.0941666666666667,9.63265306122449,59.8646864965482
0.0941666666666667,9.64285714285714,59.3109313257708
0.0941666666666667,9.65306122448979,58.7397475835337
0.0941666666666667,9.66326530612245,58.1506043621406
0.0941666666666667,9.6734693877551,57.5429596060044
0.0941666666666667,9.68367346938775,56.916261041579
0.0941666666666667,9.69387755102041,56.2699473116228
0.0941666666666667,9.70408163265306,55.6034493329694
0.0941666666666667,9.71428571428572,54.9161919098004
0.0941666666666667,9.72448979591837,54.2075956231906
0.0941666666666667,9.73469387755102,53.4770790288153
0.0941666666666667,9.74489795918367,52.7240611908875
0.0941666666666667,9.75510204081633,51.9479645798314
0.0941666666666667,9.76530612244898,51.1482183655979
0.0941666666666667,9.77551020408163,50.3242621325693
0.0941666666666667,9.78571428571428,49.4755500432157
0.0941666666666667,9.79591836734694,48.6015554742715
0.0941666666666667,9.80612244897959,47.7017761442594
0.0941666666666667,9.81632653061225,46.7757397450026
0.0941666666666667,9.8265306122449,45.8230100840751
0.0941666666666667,9.83673469387755,44.8431937343232
0.0941666666666667,9.84693877551021,43.8359471738727
0.0941666666666667,9.85714285714286,42.800984389828
0.0941666666666667,9.86734693877551,41.7380848970651
0.0941666666666667,9.87755102040816,40.6471021123485
0.0941666666666667,9.88775510204082,39.5279719930442
0.0941666666666667,9.89795918367347,38.3807218407127
0.0941666666666667,9.90816326530612,37.2054791331101
0.0941666666666667,9.91836734693878,36.0024802300564
0.0941666666666667,9.92857142857143,34.7720787783333
0.0941666666666667,9.93877551020408,33.5147536055408
0.0941666666666667,9.94897959183674,32.2311158925761
0.0941666666666667,9.95918367346939,30.9219153740542
0.0941666666666667,9.96938775510204,29.588045337287
0.0941666666666667,9.97959183673469,28.2305461545615
0.0941666666666667,9.98979591836735,26.850607129314
0.0941666666666667,10,25.4495664133742
0.101458333333333,9.5,61.0019217701271
0.101458333333333,9.51020408163265,60.5195227233101
0.101458333333333,9.52040816326531,60.0215038013055
0.101458333333333,9.53061224489796,59.5073642751405
0.101458333333333,9.54081632653061,58.9765883154214
0.101458333333333,9.55102040816326,58.4286452044978
0.101458333333333,9.56122448979592,57.8629896675332
0.101458333333333,9.57142857142857,57.2790623459299
0.101458333333333,9.58163265306122,56.6762904283683
0.101458333333333,9.59183673469388,56.0540884652933
0.101458333333333,9.60204081632653,55.4118593905904
0.101458333333333,9.61224489795918,54.748995775444
0.101458333333333,9.62244897959184,54.0648813442639
0.101458333333333,9.63265306122449,53.358892784944
0.101458333333333,9.64285714285714,52.6304018797741
0.101458333333333,9.65306122448979,51.8787779992994
0.101458333333333,9.66326530612245,51.1033909859486
0.101458333333333,9.6734693877551,50.3036144688748
0.101458333333333,9.68367346938775,49.4788296411925
0.101458333333333,9.69387755102041,48.6284295361118
0.101458333333333,9.70408163265306,47.7518238311018
0.101458333333333,9.71428571428572,46.8484442138969
0.101458333333333,9.72448979591837,45.9177503219828
0.101458333333333,9.73469387755102,44.9592362850582
0.101458333333333,9.74489795918367,43.9724378625969
0.101458333333333,9.75510204081633,42.9569401782243
0.101458333333333,9.76530612244898,41.9123860259163
0.101458333333333,9.77551020408163,40.8384847082723
0.101458333333333,9.78571428571428,39.7350213475896
0.101458333333333,9.79591836734694,38.6018665849333
0.101458333333333,9.80612244897959,37.4389865543191
0.101458333333333,9.81632653061225,36.246452998372
0.101458333333333,9.8265306122449,35.0244533487084
0.101458333333333,9.83673469387755,33.7733005768137
0.101458333333333,9.84693877551021,32.4934425871129
0.101458333333333,9.85714285714286,31.185470893889
0.101458333333333,9.86734693877551,29.8501283038459
0.101458333333333,9.87755102040816,28.4883153163637
0.101458333333333,9.88775510204082,27.101094939216
0.101458333333333,9.89795918367347,25.689695623164
0.101458333333333,9.90816326530612,24.2555120412789
0.101458333333333,9.91836734693878,22.800103464619
0.101458333333333,9.92857142857143,21.325189533902
0.101458333333333,9.93877551020408,19.8326432921256
0.101458333333333,9.94897959183674,18.324481407203
0.101458333333333,9.95918367346939,16.8028516101056
0.101458333333333,9.96938775510204,15.2700174625594
0.101458333333333,9.97959183673469,13.728340657212
0.101458333333333,9.98979591836735,12.1802611638364
0.101458333333333,10,10.628275601573
0.10875,9.5,55.6409277266274
0.10875,9.51020408163265,55.0131027968724
0.10875,9.52040816326531,54.3645634545237
0.10875,9.53061224489796,53.6946558609969
0.10875,9.54081632653061,53.0027150954907
0.10875,9.55102040816326,52.2880670043154
0.10875,9.56122448979592,51.5500304101234
0.10875,9.57142857142857,50.7879197202542
0.10875,9.58163265306122,50.0010479752851
0.10875,9.59183673469388,49.188730380549
0.10875,9.60204081632653,48.3502883670734
0.10875,9.61224489795918,47.4850542178108
0.10875,9.62244897959184,46.592376306624
0.10875,9.63265306122449,45.671624980912
0.10875,9.64285714285714,44.7221991222015
0.10875,9.65306122448979,43.7435334040286
0.10875,9.66326530612245,42.7351062622425
0.10875,9.6734693877551,41.6964485731669
0.10875,9.68367346938775,40.6271530169231
0.10875,9.69387755102041,39.5268840921993
0.10875,9.70408163265306,38.3953887067544
0.10875,9.71428571428572,37.2325072553622
0.10875,9.72448979591837,36.0381850544275
0.10875,9.73469387755102,34.812483970763
0.10875,9.74489795918367,33.5555940448108
0.10875,9.75510204081633,32.2678448703343
0.10875,9.76530612244898,30.9497164543214
0.10875,9.77551020408163,29.6018492514806
0.10875,9.78571428571428,28.2250530322596
0.10875,9.79591836734694,26.8203142321606
0.10875,9.80612244897959,25.3888014148646
0.10875,9.81632653061225,23.9318684947451
0.10875,9.8265306122449,22.4510553761076
0.10875,9.83673469387755,20.948085721825
0.10875,9.84693877551021,19.4248616114733
0.10875,9.85714285714286,17.8834549340255
0.10875,9.86734693877551,16.3260954515089
0.10875,9.87755102040816,14.7551555929866
0.10875,9.88775510204082,13.1731321267773
0.10875,9.89795918367347,11.5826250155201
0.10875,9.90816326530612,9.98631384326496
0.10875,9.91836734693878,8.38693232404525
0.10875,9.92857142857143,6.78724148538006
0.10875,9.93877551020408,5.19000216938683
0.10875,9.94897959183674,3.59794754008281
0.10875,9.95918367346939,2.01375627646709
0.10875,9.96938775510204,0.440027096113421
0.10875,9.97959183673469,-1.12074479224685
0.10875,9.98979591836735,-2.66618881066412
0.10875,10,-4.19407730578294
0.116041666666667,9.5,49.5182386298464
0.116041666666667,9.51020408163265,48.7114675084584
0.116041666666667,9.52040816326531,47.8779820864506
0.116041666666667,9.53061224489796,47.0170481913928
0.116041666666667,9.54081632653061,46.1279433127999
0.116041666666667,9.55102040816326,45.2099625178845
0.116041666666667,9.56122448979592,44.2624251210179
0.116041666666667,9.57142857142857,43.2846821421062
0.116041666666667,9.58163265306122,42.2761245797342
0.116041666666667,9.59183673469388,41.2361925150379
0.116041666666667,9.60204081632653,40.1643850420856
0.116041666666667,9.61224489795918,39.060270994249
0.116041666666667,9.62244897959184,37.9235004222749
0.116041666666667,9.63265306122449,36.7538167327884
0.116041666666667,9.64285714285714,35.5510693733152
0.116041666666667,9.65306122448979,34.3152268978019
0.116041666666667,9.66326530612245,33.0463902155053
0.116041666666667,9.6734693877551,31.7448057654843
0.116041666666667,9.68367346938775,30.4108783278845
0.116041666666667,9.69387755102041,29.0451831230212
0.116041666666667,9.70408163265306,27.6484768245707
0.116041666666667,9.71428571428572,26.2217070694304
0.116041666666667,9.72448979591837,24.7660200340249
0.116041666666667,9.73469387755102,23.2827656444675
0.116041666666667,9.74489795918367,21.7734999937011
0.116041666666667,9.75510204081633,20.2399845899672
0.116041666666667,9.76530612244898,18.6841821039049
0.116041666666667,9.77551020408163,17.1082483904851
0.116041666666667,9.78571428571428,15.5145206422332
0.116041666666667,9.79591836734694,13.9055016784022
0.116041666666667,9.80612244897959,12.2838405047476
0.116041666666667,9.81632653061225,10.6523094302777
0.116041666666667,9.8265306122449,9.01377817026655
0.116041666666667,9.83673469387755,7.37118549678764
0.116041666666667,9.84693877551021,5.72750911415657
0.116041666666667,9.85714285714286,4.08573452272601
0.116041666666667,9.86734693877551,2.44882367514143
0.116041666666667,9.87755102040816,0.819684245919374
0.116041666666667,9.88775510204082,-0.798859692631621
0.116041666666667,9.89795918367347,-2.40409487150356
0.116041666666667,9.90816326530612,-3.99344327685435
0.116041666666667,9.91836734693878,-5.56448335431587
0.116041666666667,9.92857142857143,-7.11496761027573
0.116041666666667,9.93877551020408,-8.64283639500773
0.116041666666667,9.94897959183674,-10.146227806766
0.116041666666667,9.95918367346939,-11.6234837814241
0.116041666666667,9.96938775510204,-13.0731525585678
0.116041666666667,9.97959183673469,-14.4939878027934
0.116041666666667,9.98979591836735,-15.8849447375649
0.116041666666667,10,-17.2451736995569
0.123333333333333,9.5,42.018413858795
0.123333333333333,9.51020408163265,40.9800948523239
0.123333333333333,9.52040816326531,39.9086695424297
0.123333333333333,9.53061224489796,38.8035937596849
0.123333333333333,9.54081632653061,37.6644013319606
0.123333333333333,9.55102040816326,36.4907172619955
0.123333333333333,9.56122448979592,35.2822716799397
0.123333333333333,9.57142857142857,34.0389144221428
0.123333333333333,9.58163265306122,32.760630044947
0.123333333333333,9.59183673469388,31.4475530114708
0.123333333333333,9.60204081632653,30.0999827459662
0.123333333333333,9.61224489795918,28.7183981870264
0.123333333333333,9.62244897959184,27.3034714150782
0.123333333333333,9.63265306122449,25.8560798840435
0.123333333333333,9.64285714285714,24.3773167538507
0.123333333333333,9.65306122448979,22.8684987931485
0.123333333333333,9.66326530612245,21.3311713322483
0.123333333333333,9.6734693877551,19.7671097663861
0.123333333333333,9.68367346938775,18.1783171731681
0.123333333333333,9.69387755102041,16.5670176842286
0.123333333333333,9.70408163265306,14.9356453808941
0.123333333333333,9.71428571428572,13.2868286208854
0.123333333333333,9.72448979591837,11.6233698653385
0.123333333333333,9.73469387755102,9.94822127087237
0.123333333333333,9.74489795918367,8.26445647958365
0.123333333333333,9.75510204081633,6.57523921436836
0.123333333333333,9.76530612244898,4.8837894541052
0.123333333333333,9.77551020408163,3.19334806673832
0.123333333333333,9.78571428571428,1.50714086361667
0.123333333333333,9.79591836734694,-0.171656930060412
0.123333333333333,9.80612244897959,-1.8399548203093
0.123333333333333,9.81632653061225,-3.49477890159997
0.123333333333333,9.8265306122449,-5.13330064137145
0.123333333333333,9.83673469387755,-6.75286195312621
0.123333333333333,9.84693877551021,-8.35099608733814
0.123333333333333,9.85714285714286,-9.92544405923756
0.123333333333333,9.86734693877551,-11.4741665035388
0.123333333333333,9.87755102040816,-12.9953510307807
0.123333333333333,9.88775510204082,-14.4874152881137
0.123333333333333,9.89795918367347,-15.9490060692725
0.123333333333333,9.90816326530612,-17.3789948985388
0.123333333333333,9.91836734693878,-18.7764705795742
0.123333333333333,9.92857142857143,-20.1407292284187
0.123333333333333,9.93877551020408,-21.4712623195943
0.123333333333333,9.94897959183674,-22.7677432575039
0.123333333333333,9.95918367346939,-24.0300129452049
0.123333333333333,9.96938775510204,-25.2580647891167
0.123333333333333,9.97959183673469,-26.4520295092272
0.123333333333333,9.98979591836735,-27.6121600815418
0.123333333333333,10,-28.7388170743458
0.130625,9.5,33.1622694859229
0.130625,9.51020408163265,31.8549800195969
0.130625,9.52040816326531,30.5109466061006
0.130625,9.53061224489796,29.1304516787418
0.130625,9.54081632653061,27.7139743335255
0.130625,9.55102040816326,26.2622061715747
0.130625,9.56122448979592,24.7760656046032
0.130625,9.57142857142857,23.2567100188855
0.130625,9.58163265306122,21.7055451655872
0.130625,9.59183673469388,20.12423114446
0.130625,9.60204081632653,18.5146843698579
0.130625,9.61224489795918,16.8790749936517
0.130625,9.62244897959184,15.2198193440398
0.130625,9.63265306122449,13.5395671011198
0.130625,9.64285714285714,11.8411830995103
0.130625,9.65306122448979,10.1277238604979
0.130625,9.66326530612245,8.40240918038154
0.130625,9.6734693877551,6.6685893216946
0.130625,9.68367346938775,4.92970858066148
0.130625,9.69387755102041,3.18926616800079
0.130625,9.70408163265306,1.45077550854683
0.130625,9.71428571428572,-0.282276884383444
0.130625,9.72448979591837,-2.00647174337386
0.130625,9.73469387755102,-3.71849544939629
0.130625,9.74489795918367,-5.4151754431604
0.130625,9.75510204081633,-7.09351175107183
0.130625,9.76530612244898,-8.75070392350902
0.130625,9.77551020408163,-10.3841729047207
0.130625,9.78571428571428,-11.9915775761667
0.130625,9.79591836734694,-13.5708259404696
0.130625,9.80612244897959,-15.1200811103525
0.130625,9.81632653061225,-16.6377624365164
0.130625,9.8265306122449,-18.1225422416806
0.130625,9.83673469387755,-19.5733387247525
0.130625,9.84693877551021,-20.989305646027
0.130625,9.85714285714286,-22.3698194386924
0.130625,9.86734693877551,-23.7144643693024
0.130625,9.87755102040816,-25.0230163350961
0.130625,9.88775510204082,-26.2954258500228
0.130625,9.89795918367347,-27.5318006822581
0.130625,9.90816326530612,-28.7323885580455
0.130625,9.91836734693878,-29.897560260632
0.130625,9.92857142857143,-31.0277933918686
0.130625,9.93877551020408,-32.1236569921123
0.130625,9.94897959183674,-33.1857971616043
0.130625,9.95918367346939,-34.2149237744558
0.130625,9.96938775510204,-35.2117983276457
0.130625,9.97959183673469,-36.1772229423914
0.130625,9.98979591836735,-37.1120304966586
0.130625,10,-38.0170758534013
0.137916666666667,9.5,22.4930052509594
0.137916666666667,9.51020408163265,20.9028821421677
0.137916666666667,9.52040816326531,19.2804997928379
0.137916666666667,9.53061224489796,17.627880103643
0.137916666666667,9.54081632653061,15.9473294214968
0.137916666666667,9.55102040816326,14.2414309479991
0.137916666666667,9.56122448979592,12.5130309806367
0.137916666666667,9.57142857142857,10.7652188172141
0.137916666666667,9.58163265306122,9.0013004133693
0.137916666666667,9.59183673469388,7.22476616060463
0.137916666666667,9.60204081632653,5.43925343189505
0.137916666666667,9.61224489795918,3.64850481596913
0.137916666666667,9.62244897959184,1.85632318035304
0.137916666666667,9.63265306122449,0.0665248951268685
0.137916666666667,9.64285714285714,-1.71710736273067
0.137916666666667,9.65306122448979,-3.4908707668241
0.137916666666667,9.66326530612245,-5.25118607745922
0.137916666666667,9.6734693877551,-6.9946376866232
0.137916666666667,9.68367346938775,-8.71800893233471
0.137916666666667,9.69387755102041,-10.4183118672918
0.137916666666667,9.70408163265306,-12.0928109540011
0.137916666666667,9.71428571428572,-13.7390404455007
0.137916666666667,9.72448979591837,-15.35481547038
0.137916666666667,9.73469387755102,-16.9382370859661
0.137916666666667,9.74489795918367,-18.4876917648748
0.137916666666667,9.75510204081633,-20.0018459228247
0.137916666666667,9.76530612244898,-21.4796362001491
0.137916666666667,9.77551020408163,-22.920256262128
0.137916666666667,9.78571428571428,-24.3231408860895
0.137916666666667,9.79591836734694,-25.6879480838172
0.137916666666667,9.80612244897959,-27.0145399469796
0.137916666666667,9.81632653061225,-28.302962830597
0.137916666666667,9.8265306122449,-29.5534274103718
0.137916666666667,9.83673469387755,-30.7662890537248
0.137916666666667,9.84693877551021,-31.9420288590158
0.137916666666667,9.85714285714286,-33.0812356321586
0.137916666666667,9.86734693877551,-34.1845889989724
0.137916666666667,9.87755102040816,-35.2528437752989
0.137916666666667,9.88775510204082,-36.2868156730476
0.137916666666667,9.89795918367347,-37.2873683596869
0.137916666666667,9.90816326530612,-38.2554018645898
0.137916666666667,9.91836734693878,-39.191842286554
0.137916666666667,9.92857142857143,-40.0976327434721
0.137916666666667,9.93877551020408,-40.9737254852924
0.137916666666667,9.94897959183674,-41.8210750875625
0.137916666666667,9.95918367346939,-42.6406326305806
0.137916666666667,9.96938775510204,-43.4333407786678
0.137916666666667,9.97959183673469,-44.2001296633641
0.137916666666667,9.98979591836735,-44.9419134880362
0.137916666666667,10,-45.6595877683839
0.145208333333333,9.5,11.3765119577775
0.145208333333333,9.51020408163265,9.57823117251293
0.145208333333333,9.52040816326531,7.76333051045437
0.145208333333333,9.53061224489796,5.93559718326535
0.145208333333333,9.54081632653061,4.09897646204246
0.145208333333333,9.55102040816326,2.25752365548082
0.145208333333333,9.56122448979592,0.415352595697309
0.145208333333333,9.57142857142857,-1.42341776249692
0.145208333333333,9.58163265306122,-3.25471691014324
0.145208333333333,9.59183673469388,-5.07457478325779
0.145208333333333,9.60204081632653,-6.87917056679956
0.145208333333333,9.61224489795918,-8.66487684329956
0.145208333333333,9.62244897959184,-10.4282979103357
0.145208333333333,9.63265306122449,-12.1663013973137
0.145208333333333,9.64285714285714,-13.8760426647841
0.145208333333333,9.65306122448979,-15.5549818051365
0.145208333333333,9.66326530612245,-17.2008933933222
0.145208333333333,9.6734693877551,-18.8118694018371
0.145208333333333,9.68367346938775,-20.3863159195191
0.145208333333333,9.69387755102041,-21.9229444702247
0.145208333333333,9.70408163265306,-23.4207588169337
0.145208333333333,9.71428571428572,-24.879038178721
0.145208333333333,9.72448979591837,-26.297317768192
0.145208333333333,9.73469387755102,-27.6753675105469
0.145208333333333,9.74489795918367,-29.013169717795
0.145208333333333,9.75510204081633,-30.310896397037
0.145208333333333,9.76530612244898,-31.5688867567354
0.145208333333333,9.77551020408163,-32.7876253762028
0.145208333333333,9.78571428571428,-33.9677213845347
0.145208333333333,9.79591836734694,-35.1098889109723
0.145208333333333,9.80612244897959,-36.2149289777175
0.145208333333333,9.81632653061225,-37.2837129338327
0.145208333333333,9.8265306122449,-38.3171674712835
0.145208333333333,9.83673469387755,-39.3162612137233
0.145208333333333,9.84693877551021,-40.2819928351162
0.145208333333333,9.85714285714286,-41.2153806344437
0.145208333333333,9.86734693877551,-42.1174534767627
0.145208333333333,9.87755102040816,-42.9892430006065
0.145208333333333,9.88775510204082,-43.8317769805977
0.145208333333333,9.89795918367347,-44.6460737377341
0.145208333333333,9.90816326530612,-45.4331374891801
0.145208333333333,9.91836734693878,-46.1939545328496
0.145208333333333,9.92857142857143,-46.929490168688
0.145208333333333,9.93877551020408,-47.6406862659987
0.145208333333333,9.94897959183674,-48.3284593917037
0.145208333333333,9.95918367346939,-48.9936994236682
0.145208333333333,9.96938775510204,-49.63726857923
0.145208333333333,9.97959183673469,-50.2600007982225
0.145208333333333,9.98979591836735,-50.8627014249313
0.145208333333333,10,-51.4461471411786
0.1525,9.5,-0.293105870411567
0.1525,9.51020408163265,-2.18258232592604
0.1525,9.52040816326531,-4.06467932068865
0.1525,9.53061224489796,-5.93510566346221
0.1525,9.54081632653061,-7.78973003271676
0.1525,9.55102040816326,-9.62463146054527
0.1525,9.56122448979592,-11.4361431333724
0.1525,9.57142857142857,-13.2208884564575
0.1525,9.58163265306122,-14.9758087460114
0.1525,9.59183673469388,-16.6981823356992
0.1525,9.60204081632653,-18.3856352827194
0.1525,9.61224489795918,-20.0361441680515
0.1525,9.62244897959184,-21.6480317791799
0.1525,9.63265306122449,-23.2199566221391
0.1525,9.64285714285714,-24.7508973408909
0.1525,9.65306122448979,-26.240133129846
0.1525,9.66326530612245,-27.6872212278468
0.1525,9.6734693877551,-29.0919724904691
0.1525,9.68367346938775,-30.4544259452808
0.1525,9.69387755102041,-31.7748230967598
0.1525,9.70408163265306,-33.0535826296277
0.1525,9.71428571428572,-34.2912760152418
0.1525,9.72448979591837,-35.4886044019568
0.1525,9.73469387755102,-36.6463770634093
0.1525,9.74489795918367,-37.7654915732228
0.1525,9.75510204081633,-38.8469157956143
0.1525,9.76530612244898,-39.8916717143652
0.1525,9.77551020408163,-40.900821068565
0.1525,9.78571428571428,-41.8754527268837
0.1525,9.79591836734694,-42.8166717008913
0.1525,9.80612244897959,-43.7255896851983
0.1525,9.81632653061225,-44.6033169938268
0.1525,9.8265306122449,-45.4509557673155
0.1525,9.83673469387755,-46.2695943181337
0.1525,9.84693877551021,-47.0603024886603
0.1525,9.85714285714286,-47.8241279041959
0.1525,9.86734693877551,-48.5620930062163
0.1525,9.87755102040816,-49.2751927658204
0.1525,9.88775510204082,-49.9643929831274
0.1525,9.89795918367347,-50.6306290868499
0.1525,9.90816326530612,-51.2748053601096
0.1525,9.91836734693878,-51.8977945245171
0.1525,9.92857142857143,-52.5004376252886
0.1525,9.93877551020408,-53.0835441639323
0.1525,9.94897959183674,-53.6478924338308
0.1525,9.95918367346939,-54.1942300216786
0.1525,9.96938775510204,-54.7232744399563
0.1525,9.97959183673469,-55.2357138617519
0.1525,9.98979591836735,-55.7322079345112
0.1525,10,-56.2133886503819
0.159791666666667,9.5,-11.4033019406974
0.159791666666667,9.51020408163265,-13.2555124489666
0.159791666666667,9.52040816326531,-15.0776756325742
0.159791666666667,9.53061224489796,-16.866666227084
0.159791666666667,9.54081632653061,-18.6197426240259
0.159791666666667,9.55102040816326,-20.3345539410579
0.159791666666667,9.56122448979592,-22.0091382915538
0.159791666666667,9.57142857142857,-23.641913318063
0.159791666666667,9.58163265306122,-25.2316602498638
0.159791666666667,9.59183673469388,-26.7775028084739
0.159791666666667,9.60204081632653,-28.2788822786525
0.159791666666667,9.61224489795918,-29.7355299932847
0.159791666666667,9.62244897959184,-31.1474383554775
0.159791666666667,9.63265306122449,-32.5148313785677
0.159791666666667,9.64285714285714,-33.8381355482909
0.159791666666667,9.65306122448979,-35.1179516562664
0.159791666666667,9.66326530612245,-36.3550280933082
0.159791666666667,9.6734693877551,-37.5502359415427
0.159791666666667,9.68367346938775,-38.7045460901994
0.159791666666667,9.69387755102041,-39.8190084836183
0.159791666666667,9.70408163265306,-40.8947335378259
0.159791666666667,9.71428571428572,-41.9328756863399
0.159791666666667,9.72448979591837,-42.9346189698497
0.159791666666667,9.73469387755102,-43.9011645537414
0.159791666666667,9.74489795918367,-44.8337200325846
0.159791666666667,9.75510204081633,-45.7334903632989
0.159791666666667,9.76530612244898,-46.6016702780464
0.159791666666667,9.77551020408163,-47.4394380106604
0.159791666666667,9.78571428571428,-48.2479501934762
0.159791666666667,9.79591836734694,-49.0283377758203
0.159791666666667,9.80612244897959,-49.7817028341319
0.159791666666667,9.81632653061225,-50.5091161532669
0.159791666666667,9.8265306122449,-51.2116154637173
0.159791666666667,9.83673469387755,-51.8902042433172
0.159791666666667,9.84693877551021,-52.5458509877254
0.159791666666667,9.85714285714286,-53.1794888789818
0.159791666666667,9.86734693877551,-53.7920157808513
0.159791666666667,9.87755102040816,-54.3842945012884
0.159791666666667,9.88775510204082,-54.957153275625
0.159791666666667,9.89795918367347,-55.5113864209321
0.159791666666667,9.90816326530612,-56.0477551284131
0.159791666666667,9.91836734693878,-56.5669883606352
0.159791666666667,9.92857142857143,-57.0697838258184
0.159791666666667,9.93877551020408,-57.5568090077089
0.159791666666667,9.94897959183674,-58.0287022334355
0.159791666666667,9.95918367346939,-58.4860737594876
0.159791666666667,9.96938775510204,-58.9295068689819
0.159791666666667,9.97959183673469,-59.3595589633111
0.159791666666667,9.98979591836735,-59.7767626452929
0.159791666666667,10,-60.1816267836366
0.167083333333333,9.5,-22.1539687154063
0.167083333333333,9.51020408163265,-23.8503430877404
0.167083333333333,9.52040816326531,-25.5018579975439
0.167083333333333,9.53061224489796,-27.1074284383786
0.167083333333333,9.54081632653061,-28.6663318260402
0.167083333333333,9.55102040816326,-30.178177646504
0.167083333333333,9.56122448979592,-31.6428749578312
0.167083333333333,9.57142857142857,-33.060598980219
0.167083333333333,9.58163265306122,-34.4317578065719
0.167083333333333,9.59183673469388,-35.7569600576783
0.167083333333333,9.60204081632653,-37.0369841112193
0.167083333333333,9.61224489795918,-38.2727493597175
0.167083333333333,9.62244897959184,-39.4652897803664
0.167083333333333,9.63265306122449,-40.6157299813937
0.167083333333333,9.64285714285714,-41.725263771585
0.167083333333333,9.65306122448979,-42.7951352194928
0.167083333333333,9.66326530612245,-43.8266221091102
0.167083333333333,9.6734693877551,-44.8210216501741
0.167083333333333,9.68367346938775,-45.7796382751783
0.167083333333333,9.69387755102041,-46.703773343046
0.167083333333333,9.70408163265306,-47.5947165595207
0.167083333333333,9.71428571428572,-48.453738924859
0.167083333333333,9.72448979591837,-49.2820870321426
0.167083333333333,9.73469387755102,-50.0809785440898
0.167083333333333,9.74489795918367,-50.8515986910179
0.167083333333333,9.75510204081633,-51.5950976470776
0.167083333333333,9.76530612244898,-52.3125886534986
0.167083333333333,9.77551020408163,-53.0051467755902
0.167083333333333,9.78571428571428,-53.6738081889462
0.167083333333333,9.79591836734694,-54.3195699055586
0.167083333333333,9.80612244897959,-54.9433898630226
0.167083333333333,9.81632653061225,-55.546187307379
0.167083333333333,9.8265306122449,-56.1288434136992
0.167083333333333,9.83673469387755,-56.6922020905646
0.167083333333333,9.84693877551021,-57.2370709329044
0.167083333333333,9.85714285714286,-57.7642222800827
0.167083333333333,9.86734693877551,-58.2743943559663
0.167083333333333,9.87755102040816,-58.7682924605083
0.167083333333333,9.88775510204082,-59.2465901968236
0.167083333333333,9.89795918367347,-59.7099307132209
0.167083333333333,9.90816326530612,-60.1589279485721
0.167083333333333,9.91836734693878,-60.5941678682101
0.167083333333333,9.92857142857143,-61.0162096836536
0.167083333333333,9.93877551020408,-61.4255870463974
0.167083333333333,9.94897959183674,-61.8228092120358
0.167083333333333,9.95918367346939,-62.2083621707061
0.167083333333333,9.96938775510204,-62.5827097403031
0.167083333333333,9.97959183673469,-62.9462946206692
0.167083333333333,9.98979591836735,-63.2995394069287
0.167083333333333,10,-63.6428475626273
0.174375,9.5,-30.4195168132872
0.174375,9.51020408163265,-31.9440531811756
0.174375,9.52040816326531,-33.4189291549389
0.174375,9.53061224489796,-34.8445147684687
0.174375,9.54081632653061,-36.221413226227
0.174375,9.55102040816326,-37.5504252229867
0.174375,9.56122448979592,-38.8325155259101
0.174375,9.57142857142857,-40.0687821947815
0.174375,9.58163265306122,-41.260428679788
0.174375,9.59183673469388,-42.4087388715397
0.174375,9.60204081632653,-43.51505508129
0.174375,9.61224489795918,-44.5807588462656
0.174375,9.62244897959184,-45.6072543963082
0.174375,9.63265306122449,-46.5959545826016
0.174375,9.64285714285714,-47.5482690505932
0.174375,9.65306122448979,-48.4655944307229
0.174375,9.66326530612245,-49.3493063178727
0.174375,9.6734693877551,-50.200752827774
0.174375,9.68367346938775,-51.021249523041
0.174375,9.69387755102041,-51.8120755228497
0.174375,9.70408163265306,-52.5744706210219
0.174375,9.71428571428572,-53.3096332641658
0.174375,9.72448979591837,-54.018719247532
0.174375,9.73469387755102,-54.7028410131416
0.174375,9.74489795918367,-55.3630674411121
0.174375,9.75510204081633,-56.0004240454516
0.174375,9.76530612244898,-56.6158934957266
0.174375,9.77551020408163,-57.2104163967961
0.174375,9.78571428571428,-57.7848922709229
0.174375,9.79591836734694,-58.3401806934267
0.174375,9.80612244897959,-58.877102541906
0.174375,9.81632653061225,-59.3964413252646
0.174375,9.8265306122449,-59.8989445659094
0.174375,9.83673469387755,-60.3853252102706
0.174375,9.84693877551021,-60.8562630511708
0.174375,9.85714285714286,-61.3124061449274
0.174375,9.86734693877551,-61.7543722139955
0.174375,9.87755102040816,-62.1827500224054
0.174375,9.88775510204082,-62.5981007194846
0.174375,9.89795918367347,-63.0009591448174
0.174375,9.90816326530612,-63.3918350909526
0.174375,9.91836734693878,-63.7712145212287
0.174375,9.92857142857143,-64.1395607400378
0.174375,9.93877551020408,-64.497315515952
0.174375,9.94897959183674,-64.844900156051
0.174375,9.95918367346939,-65.1827165323535
0.174375,9.96938775510204,-65.5111480604051
0.174375,9.97959183673469,-65.8305606323798
0.174375,9.98979591836735,-66.1413035032484
0.174375,10,-66.443710134769
0.181666666666667,9.5,-38.0981269792885
0.181666666666667,9.51020408163265,-39.4239438609164
0.181666666666667,9.52040816326531,-40.7012786861548
0.181666666666667,9.53061224489796,-41.9314252986689
0.181666666666667,9.54081632653061,-43.1157690907196
0.181666666666667,9.55102040816326,-44.255761647383
0.181666666666667,9.56122448979592,-45.3528987052406
0.181666666666667,9.57142857142857,-46.408701238194
0.181666666666667,9.58163265306122,-47.4246994292018
0.181666666666667,9.59183673469388,-48.402419264435
0.181666666666667,9.60204081632653,-49.3433714755917
0.181666666666667,9.61224489795918,-50.2490425657405
0.181666666666667,9.62244897959184,-51.1208876484654
0.181666666666667,9.63265306122449,-51.9603248676595
0.181666666666667,9.64285714285714,-52.7687311685628
0.181666666666667,9.65306122448979,-53.5474392175993
0.181666666666667,9.66326530612245,-54.2977352925641
0.181666666666667,9.6734693877551,-55.0208579801874
0.181666666666667,9.68367346938775,-55.7179975442399
0.181666666666667,9.69387755102041,-56.3902958383113
0.181666666666667,9.70408163265306,-57.0388466640028
0.181666666666667,9.71428571428572,-57.6646964795602
0.181666666666667,9.72448979591837,-58.2688453872414
0.181666666666667,9.73469387755102,-58.8522483323377
0.181666666666667,9.74489795918367,-59.4158164621642
0.181666666666667,9.75510204081633,-59.9604185998062
0.181666666666667,9.76530612244898,-60.4868827935159
0.181666666666667,9.77551020408163,-60.9959979151679
0.181666666666667,9.78571428571428,-61.488515280202
0.181666666666667,9.79591836734694,-61.9651502691069
0.181666666666667,9.80612244897959,-62.4265839371988
0.181666666666667,9.81632653061225,-62.8734645974278
0.181666666666667,9.8265306122449,-63.3064093667497
0.181666666666667,9.83673469387755,-63.7260056716646
0.181666666666667,9.84693877551021,-64.1328127034329
0.181666666666667,9.85714285714286,-64.5273628219165
0.181666666666667,9.86734693877551,-64.9101629050082
0.181666666666667,9.87755102040816,-65.2816956419766
0.181666666666667,9.88775510204082,-65.6424207703578
0.181666666666667,9.89795918367347,-65.9927762554431
0.181666666666667,9.90816326530612,-66.3331794157438
0.181666666666667,9.91836734693878,-66.6640279923274
0.181666666666667,9.92857142857143,-66.9857011656105
0.181666666666667,9.93877551020408,-67.298560520171
0.181666666666667,9.94897959183674,-67.6029509595049
0.181666666666667,9.95918367346939,-67.8992015737513
0.181666666666667,9.96938775510204,-68.1876264601921
0.181666666666667,9.97959183673469,-68.4685255009904
0.181666666666667,9.98979591836735,-68.7421850977613
0.181666666666667,10,-69.0088788678404
0.188958333333333,9.5,-45.2940849269687
0.188958333333333,9.51020408163265,-46.4103950389154
0.188958333333333,9.52040816326531,-47.4836256294712
0.188958333333333,9.53061224489796,-48.5154345522808
0.188958333333333,9.54081632653061,-49.507470086017
0.188958333333333,9.55102040816326,-50.4613592646219
0.188958333333333,9.56122448979592,-51.37869852053
0.188958333333333,9.57142857142857,-52.2610463379226
0.188958333333333,9.58163265306122,-53.1099176326608
0.188958333333333,9.59183673469388,-53.9267795984528
0.188958333333333,9.60204081632653,-54.713048792276
0.188958333333333,9.61224489795918,-55.4700892523639
0.188958333333333,9.62244897959184,-56.199211469092
0.188958333333333,9.63265306122449,-56.9016720539707
0.188958333333333,9.64285714285714,-57.5786739722482
0.188958333333333,9.65306122448979,-58.2313672261114
0.188958333333333,9.66326530612245,-58.8608498889686
0.188958333333333,9.6734693877551,-59.4681694125261
0.188958333333333,9.68367346938775,-60.0543241363974
0.188958333333333,9.69387755102041,-60.6202649431166
0.188958333333333,9.70408163265306,-61.1668970137325
0.188958333333333,9.71428571428572,-61.6950816456549
0.188958333333333,9.72448979591837,-62.2056380997844
0.188958333333333,9.73469387755102,-62.6993454544023
0.188958333333333,9.74489795918367,-63.17694444499
0.188958333333333,9.75510204081633,-63.6391392753169
0.188958333333333,9.76530612244898,-64.0865993854429
0.188958333333333,9.77551020408163,-64.519961172761
0.188958333333333,9.78571428571428,-64.939829653211
0.188958333333333,9.79591836734694,-65.346780063437
0.188958333333333,9.80612244897959,-65.7413593977163
0.188958333333333,9.81632653061225,-66.1240878798342
0.188958333333333,9.8265306122449,-66.4954603683601
0.188958333333333,9.83673469387755,-66.8559476954747
0.188958333333333,9.84693877551021,-67.2059979412059
0.188958333333333,9.85714285714286,-67.5460376432626
0.188958333333333,9.86734693877551,-67.8764729451773
0.188958333333333,9.87755102040816,-68.1976906841949
0.188958333333333,9.88775510204082,-68.5100594205398
0.188958333333333,9.89795918367347,-68.8139304127836
0.188958333333333,9.90816326530612,-69.1096385382531
0.188958333333333,9.91836734693878,-69.3975031638908
0.188958333333333,9.92857142857143,-69.6778289685119
0.188958333333333,9.93877551020408,-69.950906719038
0.188958333333333,9.94897959183674,-70.2170140032635
0.188958333333333,9.95918367346939,-70.4764159218009
0.188958333333333,9.96938775510204,-70.7293657404385
0.188958333333333,9.97959183673469,-70.9761055064038
0.188958333333333,9.98979591836735,-71.2168666288972
0.188958333333333,10,-71.4518704279807
0.19625,9.5,-50.6707641357927
0.19625,9.51020408163265,-51.6326148332365
0.19625,9.52040816326531,-52.5568832241224
0.19625,9.53061224489796,-53.4452220283456
0.19625,9.54081632653061,-54.2992335823881
0.19625,9.55102040816326,-55.1204658920068
0.19625,9.56122448979592,-55.9104099861876
0.19625,9.57142857142857,-56.6704983506317
0.19625,9.58163265306122,-57.4021042406201
0.19625,9.59183673469388,-58.1065417062072
0.19625,9.60204081632653,-58.7850661858087
0.19625,9.61224489795918,-59.4388755440304
0.19625,9.62244897959184,-60.0691114543411
0.19625,9.63265306122449,-60.6768610384584
0.19625,9.64285714285714,-61.263158692781
0.19625,9.65306122448979,-61.8289880428873
0.19625,9.66326530612245,-62.3752839798064
0.19625,9.6734693877551,-62.9029347380941
0.19625,9.68367346938775,-63.4127839860934
0.19625,9.69387755102041,-63.9056329038946
0.19625,9.70408163265306,-64.3822422289309
0.19625,9.71428571428572,-64.8433342570769
0.19625,9.72448979591837,-65.2895947845187
0.19625,9.73469387755102,-65.7216749867584
0.19625,9.74489795918367,-66.140193226113
0.19625,9.75510204081633,-66.5457367858396
0.19625,9.76530612244898,-66.9388635271615
0.19625,9.77551020408163,-67.3201034711846
0.19625,9.78571428571428,-67.6899603037506
0.19625,9.79591836734694,-68.0489128052266
0.19625,9.80612244897959,-68.3974162062771
0.19625,9.81632653061225,-68.7359034733476
0.19625,9.8265306122449,-69.0647865235872
0.19625,9.83673469387755,-69.3844573748071
0.19625,9.84693877551021,-69.6952892307417
0.19625,9.85714285714286,-69.997637505877
0.19625,9.86734693877551,-70.2918407930557
0.19625,9.87755102040816,-70.5782217749363
0.19625,9.88775510204082,-70.8570880845551
0.19625,9.89795918367347,-71.1287331150732
0.19625,9.90816326530612,-71.39343678433
0.19625,9.91836734693878,-71.651466254337
0.19625,9.92857142857143,-71.9030766093548
0.19625,9.93877551020408,-72.1485114952541
0.19625,9.94897959183674,-72.3880037210117
0.19625,9.95918367346939,-72.6217758266977
0.19625,9.96938775510204,-72.8500406175863
0.19625,9.97959183673469,-73.0730016683323
0.19625,9.98979591836735,-73.2908537977994
0.19625,10,-73.5037835169392
0.203541666666667,9.5,-55.1253428797552
0.203541666666667,9.51020408163265,-55.962806927145
0.203541666666667,9.52040816326531,-56.7676958382732
0.203541666666667,9.53061224489796,-57.5415427996009
0.203541666666667,9.54081632653061,-58.2858148394372
0.203541666666667,9.55102040816326,-59.0019131176651
0.203541666666667,9.56122448979592,-59.6911738260296
0.203541666666667,9.57142857142857,-60.3548695609621
0.203541666666667,9.58163265306122,-60.9942110549419
0.203541666666667,9.59183673469388,-61.6103491680962
0.203541666666667,9.60204081632653,-62.2043770658534
0.203541666666667,9.61224489795918,-62.7773325158838
0.203541666666667,9.62244897959184,-63.3302002550477
0.203541666666667,9.63265306122449,-63.8639143839866
0.203541666666667,9.64285714285714,-64.3793607574242
0.203541666666667,9.65306122448979,-64.8773793457396
0.203541666666667,9.66326530612245,-65.3587665453136
0.203541666666667,9.6734693877551,-65.8242774277073
0.203541666666667,9.68367346938775,-66.2746279135372
0.203541666666667,9.69387755102041,-66.7104968643361
0.203541666666667,9.70408163265306,-67.1325280886991
0.203541666666667,9.71428571428572,-67.5413322592421
0.203541666666667,9.72448979591837,-67.9374887395267
0.203541666666667,9.73469387755102,-68.3215473197095
0.203541666666667,9.74489795918367,-68.6940298657845
0.203541666666667,9.75510204081633,-69.055431879
0.203541666666667,9.76530612244898,-69.406223973992
0.203541666666667,9.77551020408163,-69.7468532728339
0.203541666666667,9.78571428571428,-70.0777447226656
0.203541666666667,9.79591836734694,-70.3993023371238
0.203541666666667,9.80612244897959,-70.7119103678568
0.203541666666667,9.81632653061225,-71.0159344065556
0.203541666666667,9.8265306122449,-71.3117224233107
0.203541666666667,9.83673469387755,-71.5996057444564
0.203541666666667,9.84693877551021,-71.8798999716976
0.203541666666667,9.85714285714286,-72.1529058475454
0.203541666666667,9.86734693877551,-72.4189100696181
0.203541666666667,9.87755102040816,-72.6781860555141
0.203541666666667,9.88775510204082,-72.9309946639001
0.203541666666667,9.89795918367347,-73.1775848714457
0.203541666666667,9.90816326530612,-73.4181944105184
0.203541666666667,9.91836734693878,-73.6530503686775
0.203541666666667,9.92857142857143,-73.882369753058
0.203541666666667,9.93877551020408,-74.1063600216299
0.203541666666667,9.94897959183674,-74.3252195829738
0.203541666666667,9.95918367346939,-74.5391382670801
0.203541666666667,9.96938775510204,-74.7482977687959
0.203541666666667,9.97959183673469,-74.9528720654624
0.203541666666667,9.98979591836735,-75.1530278101863
0.203541666666667,10,-75.34892470326
0.210833333333333,9.5,-59.3461666694182
0.210833333333333,9.51020408163265,-60.0657519932195
0.210833333333333,9.52040816326531,-60.7579648703992
0.210833333333333,9.53061224489796,-61.4241333321142
0.210833333333333,9.54081632653061,-62.065518460933
0.210833333333333,9.55102040816326,-62.6833168020466
0.210833333333333,9.56122448979592,-63.2786629360708
0.210833333333333,9.57142857142857,-63.8526321482783
0.210833333333333,9.58163265306122,-64.4062431389436
0.210833333333333,9.59183673469388,-64.9404607391533
0.210833333333333,9.60204081632653,-65.4561985937836
0.210833333333333,9.61224489795918,-65.9543217949381
0.210833333333333,9.62244897959184,-66.4356494403522
0.210833333333333,9.63265306122449,-66.9009571079687
0.210833333333333,9.64285714285714,-67.350979236287
0.210833333333333,9.65306122448979,-67.786411405083
0.210833333333333,9.66326530612245,-68.2079125112323
0.210833333333333,9.6734693877551,-68.6161068412734
0.210833333333333,9.68367346938775,-69.011586037855
0.210833333333333,9.69387755102041,-69.39491096445
0.210833333333333,9.70408163265306,-69.7666134674707
0.210833333333333,9.71428571428572,-70.1271980427523
0.210833333333333,9.72448979591837,-70.4771434055241
0.210833333333333,9.73469387755102,-70.8169039712866
0.210833333333333,9.74489795918367,-71.1469112502605
0.210833333333333,9.75510204081633,-71.4675751589533
0.210833333333333,9.76530612244898,-71.7792852537299
0.210833333333333,9.77551020408163,-72.0824118908924
0.210833333333333,9.78571428571428,-72.3773073164833
0.210833333333333,9.79591836734694,-72.6643066901868
0.210833333333333,9.80612244897959,-72.943729046934
0.210833333333333,9.81632653061225,-73.2158782009028
0.210833333333333,9.8265306122449,-73.4810435934008
0.210833333333333,9.83673469387755,-73.7395010900308
0.210833333333333,9.84693877551021,-73.9915137290044
0.210833333333333,9.85714285714286,-74.2373324244513
0.210833333333333,9.86734693877551,-74.4771966266841
0.210833333333333,9.87755102040816,-74.7113349431133
0.210833333333333,9.88775510204082,-74.9399657214826
0.210833333333333,9.89795918367347,-75.1632975979612
0.210833333333333,9.90816326530612,-75.3815300133336
0.210833333333333,9.91836734693878,-75.5948536970192
0.210833333333333,9.92857142857143,-75.8034511241
0.210833333333333,9.93877551020408,-76.0074969440298
0.210833333333333,9.94897959183674,-76.2071583850999
0.210833333333333,9.95918367346939,-76.4025956345904
0.210833333333333,9.96938775510204,-76.5939621976305
0.210833333333333,9.97959183673469,-76.7814052345687
0.210833333333333,9.98979591836735,-76.9650658797235
0.210833333333333,10,-77.1450795409225
0.218125,9.5,-62.2731395763
0.218125,9.51020408163265,-62.9219301913963
0.218125,9.52040816326531,-63.5465070789602
0.218125,9.53061224489796,-64.1480605567794
0.218125,9.54081632653061,-64.7277169008046
0.218125,9.55102040816326,-65.2865414352224
0.218125,9.56122448979592,-65.8255416043703
0.218125,9.57142857142857,-66.3456699912224
0.218125,9.58163265306122,-66.8478272579295
0.218125,9.59183673469388,-67.3328649930311
0.218125,9.60204081632653,-67.8015884513689
0.218125,9.61224489795918,-68.254759178055
0.218125,9.62244897959184,-68.6930975129822
0.218125,9.63265306122449,-69.1172849726126
0.218125,9.64285714285714,-69.5279665102872
0.218125,9.65306122448979,-69.9257526546897
0.218125,9.66326530612245,-70.3112215307298
0.218125,9.6734693877551,-70.6849207663669
0.218125,9.68367346938775,-71.047369287043
0.218125,9.69387755102041,-71.3990590069283
0.218125,9.70408163265306,-71.7404564165633
0.218125,9.71428571428572,-72.0720040761998
0.218125,9.72448979591837,-72.3941220168702
0.218125,9.73469387755102,-72.7072090560221
0.218125,9.74489795918367,-73.0116440314885
0.218125,9.75510204081633,-73.307786958972
0.218125,9.76530612244898,-73.5959801176881
0.218125,9.77551020408163,-73.8765490677769
0.218125,9.78571428571428,-74.1498036052833
0.218125,9.79591836734694,-74.4160386569435
0.218125,9.80612244897959,-74.6755351192351
0.218125,9.81632653061225,-74.9285606455312
0.218125,9.8265306122449,-75.1753703844128
0.218125,9.83673469387755,-75.4162076723021
0.218125,9.84693877551021,-75.6513046834843
0.218125,9.85714285714286,-75.8808830398108
0.218125,9.86734693877551,-76.1051543838091
0.218125,9.87755102040816,-76.3243209162555
0.218125,9.88775510204082,-76.5385759015218
0.218125,9.89795918367347,-76.7481041425571
0.218125,9.90816326530612,-76.9530824267908
0.218125,9.91836734693878,-77.1536799461518
0.218125,9.92857142857143,-77.350058691678
0.218125,9.93877551020408,-77.5423738250153
0.218125,9.94897959183674,-77.7307740281177
0.218125,9.95918367346939,-77.9154018325504
0.218125,9.96938775510204,-78.0963939295961
0.218125,9.97959183673469,-78.2738814629283
0.218125,9.98979591836735,-78.447990303894
0.218125,10,-78.618841311677
0.225416666666667,9.5,-65.0514230802881
0.225416666666667,9.51020408163265,-65.6322471577387
0.225416666666667,9.52040816326531,-66.1919976719024
0.225416666666667,9.53061224489796,-66.7317111399307
0.225416666666667,9.54081632653061,-67.2523662910771
0.225416666666667,9.55102040816326,-67.754887292938
0.225416666666667,9.56122448979592,-68.2401468585016
0.225416666666667,9.57142857142857,-68.708969221437
0.225416666666667,9.58163265306122,-69.1621329724532
0.225416666666667,9.59183673469388,-69.6003737571589
0.225416666666667,9.60204081632653,-70.0243868306902
0.225416666666667,9.61224489795918,-70.4348294752519
0.225416666666667,9.62244897959184,-70.8323232792228
0.225416666666667,9.63265306122449,-71.2174562856986
0.225416666666667,9.64285714285714,-71.5907850122939
0.225416666666667,9.65306122448979,-71.9528363507112
0.225416666666667,9.66326530612245,-72.3041093480212
0.225416666666667,9.6734693877551,-72.6450768796819
0.225416666666667,9.68367346938775,-72.9761872162123
0.225416666666667,9.69387755102041,-73.2978654926797
0.225416666666667,9.70408163265306,-73.6105150842696
0.225416666666667,9.71428571428572,-73.91451889494
0.225416666666667,9.72448979591837,-74.2102405641975
0.225416666666667,9.73469387755102,-74.4980255961317
0.225416666666667,9.74489795918367,-74.7782024178012
0.225416666666667,9.75510204081633,-75.0510833685809
0.225416666666667,9.76530612244898,-75.3169656279479
0.225416666666667,9.77551020408163,-75.5761320833606
0.225416666666667,9.78571428571428,-75.8288521436238
0.225416666666667,9.79591836734694,-76.0753825006153
0.225416666666667,9.80612244897959,-76.3159678430902
0.225416666666667,9.81632653061225,-76.5508415261634
0.225416666666667,9.8265306122449,-76.7802261978321
0.225416666666667,9.83673469387755,-77.0043343881673
0.225416666666667,9.84693877551021,-77.2233690606723
0.225416666666667,9.85714285714286,-77.4375241302973
0.225416666666667,9.86734693877551,-77.6469849498471
0.225416666666667,9.87755102040816,-77.8519287664837
0.225416666666667,9.88775510204082,-78.052525150955
0.225416666666667,9.89795918367347,-78.2489364004456
0.225416666666667,9.90816326530612,-78.4413179182121
0.225416666666667,9.91836734693878,-78.6298185697227
0.225416666666667,9.92857142857143,-78.8145810183044
0.225416666666667,9.93877551020408,-78.9957420411136
0.225416666666667,9.94897959183674,-79.1734328265661
0.225416666666667,9.95918367346939,-79.3477792546845
0.225416666666667,9.96938775510204,-79.5189021608064
0.225416666666667,9.97959183673469,-79.686917585253
0.225416666666667,9.98979591836735,-79.8519370078273
0.225416666666667,10,-80.0140675696942
0.232708333333333,9.5,-67.3892322338979
0.232708333333333,9.51020408163265,-67.9181104104503
0.232708333333333,9.52040816326531,-68.4283365293012
0.232708333333333,9.53061224489796,-68.9208235461087
0.232708333333333,9.54081632653061,-69.3964327174194
0.232708333333333,9.55102040816326,-69.8559766980111
0.232708333333333,9.56122448979592,-70.3002224790628
0.232708333333333,9.57142857142857,-70.7298941667304
0.232708333333333,9.58163265306122,-71.145675603517
0.232708333333333,9.59183673469388,-71.5482128384966
0.232708333333333,9.60204081632653,-71.9381164474042
0.232708333333333,9.61224489795918,-72.3159637142
0.232708333333333,9.62244897959184,-72.6823006746346
0.232708333333333,9.63265306122449,-73.0376440337433
0.232708333333333,9.64285714285714,-73.3824829599908
0.232708333333333,9.65306122448979,-73.7172807650504
0.232708333333333,9.66326530612245,-74.0424764757459
0.232708333333333,9.6734693877551,-74.3584863040577
0.232708333333333,9.68367346938775,-74.6657050213336
0.232708333333333,9.69387755102041,-74.9645072439344
0.232708333333333,9.70408163265306,-75.2552486344725
0.232708333333333,9.71428571428572,-75.5382670254571
0.232708333333333,9.72448979591837,-75.813883469754
0.232708333333333,9.73469387755102,-76.0824032225965
0.232708333333333,9.74489795918367,-76.3441166606767
0.232708333333333,9.75510204081633,-76.5993001412719
0.232708333333333,9.76530612244898,-76.8482168066493
0.232708333333333,9.77551020408163,-77.0911173365558
0.232708333333333,9.78571428571428,-77.3282406529655
0.232708333333333,9.79591836734694,-77.5598145802381
0.232708333333333,9.80612244897959,-77.7860564627383
0.232708333333333,9.81632653061225,-78.0071737451074
0.232708333333333,9.8265306122449,-78.2233645148993
0.232708333333333,9.83673469387755,-78.4348180119363
0.232708333333333,9.84693877551021,-78.6417151067067
0.232708333333333,9.85714285714286,-78.8442287487389
0.232708333333333,9.86734693877551,-79.0425243879767
0.232708333333333,9.87755102040816,-79.2367603704051
0.232708333333333,9.88775510204082,-79.4270883099863
0.232708333333333,9.89795918367347,-79.6136534384891
0.232708333333333,9.90816326530612,-79.7965949338672
0.232708333333333,9.91836734693878,-79.9760462304674
0.232708333333333,9.92857142857143,-80.1521353094262
0.232708333333333,9.93877551020408,-80.3249849740072
0.232708333333333,9.94897959183674,-80.4947131073186
0.232708333333333,9.95918367346939,-80.661432916421
0.232708333333333,9.96938775510204,-80.8252531620072
0.232708333333333,9.97959183673469,-80.9862783749779
0.232708333333333,9.98979591836735,-81.1446090614222
0.232708333333333,10,-81.3003418955851
0.24,9.5,-69.8974090974349
0.24,9.51020408163265,-70.371209619593
0.24,9.52040816326531,-70.828917223244
0.24,9.53061224489796,-71.2713096381495
0.24,9.54081632653061,-71.69912043661
0.24,9.55102040816326,-72.1130417949383
0.24,9.56122448979592,-72.5137270868474
0.24,9.57142857142857,-72.9017933146829
0.24,9.58163265306122,-73.2778233885253
0.24,9.59183673469388,-73.6423682592547
0.24,9.60204081632653,-73.9959489124493
0.24,9.61224489795918,-74.3390582338551
0.24,9.62244897959184,-74.6721627512477
0.24,9.63265306122449,-74.9957042613656
0.24,9.64285714285714,-75.3101013497339
0.24,9.65306122448979,-75.6157508094387
0.24,9.66326530612245,-75.9130289654013
0.24,9.6734693877551,-76.2022929115799
0.24,9.68367346938775,-76.4838816654584
0.24,9.69387755102041,-76.7581172464722
0.24,9.70408163265306,-77.0253056833259
0.24,9.71428571428572,-77.2857379548177
0.24,9.72448979591837,-77.5396908696492
0.24,9.73469387755102,-77.7874278878637
0.24,9.74489795918367,-78.029199889556
0.24,9.75510204081633,-78.2652458937623
0.24,9.76530612244898,-78.495793730876
0.24,9.77551020408163,-78.7210606723525
0.24,9.78571428571428,-78.9412540203888
0.24,9.79591836734694,-79.1565716593307
0.24,9.80612244897959,-79.3672025740948
0.24,9.81632653061225,-79.5733273348567
0.24,9.8265306122449,-79.775118551901
0.24,9.83673469387755,-79.9727413031199
0.24,9.84693877551021,-80.1663535344364
0.24,9.85714285714286,-80.356106436158
0.24,9.86734693877551,-80.5421447971027
0.24,9.87755102040816,-80.7246073366472
0.24,9.88775510204082,-80.9036270174681
0.24,9.89795918367347,-81.0793313400089
0.24,9.90816326530612,-81.2518426188041
0.24,9.91836734693878,-81.4212782437151
0.24,9.92857142857143,-81.5877509254107
0.24,9.93877551020408,-81.7513689267387
0.24,9.94897959183674,-81.9122362813612
0.24,9.95918367346939,-82.0704529993935
0.24,9.96938775510204,-82.2261152619742
0.24,9.97959183673469,-82.3793156048936
0.24,9.98979591836735,-82.5301430917044
0.24,10,-82.6786834778766
